sample_id,event_id,Cruise,Event,Year,Month,Day,latitude,longitude,Station_BioChem,depth,Chlorophyl,Nitrate,Phosphate,Silicate,Station_CTD,Season
060_440557,18OL17001_060,COR2017001,60,2017,4,22,42.82514,-61.72524,HL_06,250,0,24.445,1.676,14.88,HL_06,Spring
060_440560,18OL17001_060,COR2017001,60,2017,4,22,42.82536,-61.72528,HL_06,80,0.07552,7.42,0.688,4.2,HL_06,Spring
060_440559,18OL17001_060,COR2017001,60,2017,4,22,42.82532,-61.72531,HL_06,100,0.10179,8.725,0.723,4.685,HL_06,Spring
060_440563,18OL17001_060,COR2017001,60,2017,4,22,42.82544,-61.72532,HL_06,60,0.56283,6.285,0.676,3.79,HL_06,Spring
060_440558,18OL17001_060,COR2017001,60,2017,4,22,42.82524,-61.72531,HL_06,152,0,12.095,0.924,7.08,HL_06,Spring
060_440556,18OL17001_060,COR2017001,60,2017,4,22,42.82494,-61.72548,HL_06,500,0,20.35,1.317,12.615,HL_06,Spring
060_440555,18OL17001_060,COR2017001,60,2017,4,22,42.82482,-61.72544,HL_06,750,0,18.855,1.2275,11.815,HL_06,Spring
060_440552,18OL17001_060,COR2017001,60,2017,4,22,42.82482,-61.72539,HL_06,1135,0,17.97,1.1615,11.585,HL_06,Spring
060_440553,18OL17001_060,COR2017001,60,2017,4,22,42.82488,-61.72542,HL_06,1000,0,18.18,1.1855,11.445,HL_06,Spring
060_440554,18OL17001_060,COR2017001,60,2017,4,22,42.82488,-61.72544,HL_06,901,0,17.685,1.395,12.955,HL_06,Spring
2003005037_261625,18HU03005_2003005037,HUD2003005,37,2003,4,14,42.8505,-61.7225,HL6,30,3.514,0.294,0.343,0.252,HL_06,Spring
2003005037_261628,18HU03005_2003005037,HUD2003005,37,2003,4,14,42.8505,-61.7225,HL6,5,3.259,0.285,0.333,0.979,HL_06,Spring
2003005037_261626,18HU03005_2003005037,HUD2003005,37,2003,4,14,42.8505,-61.7225,HL6,20,3.518,0.294,0.398,0.246,HL_06,Spring
2003005037_261624,18HU03005_2003005037,HUD2003005,37,2003,4,14,42.8505,-61.7225,HL6,40,4.473,0.653,0.408,0.455,HL_06,Spring
2003005037_261623,18HU03005_2003005037,HUD2003005,37,2003,4,14,42.8505,-61.7225,HL6,50,4.473,2.479,0.528,0.904,HL_06,Spring
2003005037_261622,18HU03005_2003005037,HUD2003005,37,2003,4,14,42.8505,-61.7225,HL6,60,3.642,5.336,0.672,1.551,HL_06,Spring
2003005037_261621,18HU03005_2003005037,HUD2003005,37,2003,4,14,42.8505,-61.7225,HL6,80,1.619,8.41,0.653,3.106,HL_06,Spring
2003005037_261620,18HU03005_2003005037,HUD2003005,37,2003,4,14,42.8505,-61.7225,HL6,100,0.851,8.11,0.582,3.047,HL_06,Spring
2003005037_261619,18HU03005_2003005037,HUD2003005,37,2003,4,14,42.8505,-61.7225,HL6,250,0,19.706,1.257,10.922,HL_06,Spring
2003005037_261616,18HU03005_2003005037,HUD2003005,37,2003,4,14,42.8505,-61.7225,HL6,1028,0,17.716,1.18,11.652,HL_06,Spring
2003005037_261617,18HU03005_2003005037,HUD2003005,37,2003,4,14,42.8505,-61.7225,HL6,750,0,18.369,1.185,11.721,HL_06,Spring
2003005037_261627,18HU03005_2003005037,HUD2003005,37,2003,4,14,42.8505,-61.7225,HL6,10,3.369,0.328,0.371,0.278,HL_06,Spring
2003005037_261618,18HU03005_2003005037,HUD2003005,37,2003,4,14,42.8505,-61.7225,HL6,500,0,18.405,1.208,11.839,HL_06,Spring
2007001056_305714,18HU07001_2007001056,HUD2007001,56,2007,4,10,42.83333,-61.73333,HL6,41,11.989,0.652,0.339,0.733,HL_06,Spring
2007001056_305711,18HU07001_2007001056,HUD2007001,56,2007,4,10,42.83333,-61.73333,HL6,81,10.354,1.843,0.469,1.432,HL_06,Spring
2007001056_305710,18HU07001_2007001056,HUD2007001,56,2007,4,10,42.83333,-61.73333,HL6,101,4.048,5.261,0.62,4.032,HL_06,Spring
2007001056_305709,18HU07001_2007001056,HUD2007001,56,2007,4,10,42.83333,-61.73333,HL6,250,0,15.431,1.101,10.505,HL_06,Spring
2007001056_305708,18HU07001_2007001056,HUD2007001,56,2007,4,10,42.83333,-61.73333,HL6,499,0,17.87,1.174,12.303,HL_06,Spring
2007001056_305707,18HU07001_2007001056,HUD2007001,56,2007,4,10,42.83333,-61.73333,HL6,753,0,12.439,0.892,8.328,HL_06,Spring
2007001056_305706,18HU07001_2007001056,HUD2007001,56,2007,4,10,42.83333,-61.73333,HL6,1026,0,16.371,1.072,10.566,HL_06,Spring
2007001056_305713,18HU07001_2007001056,HUD2007001,56,2007,4,10,42.83333,-61.73333,HL6,48,11.834,0.744,0.357,0.754,HL_06,Spring
2007001056_305712,18HU07001_2007001056,HUD2007001,56,2007,4,10,42.83333,-61.73333,HL6,59,11.989,0.742,0.401,0.642,HL_06,Spring
2007001056_305717,18HU07001_2007001056,HUD2007001,56,2007,4,10,42.83333,-61.73333,HL6,10,11.289,0.709,0.371,0.714,HL_06,Spring
2007001056_305716,18HU07001_2007001056,HUD2007001,56,2007,4,10,42.83333,-61.73333,HL6,23,11.756,0.698,0.341,0.766,HL_06,Spring
2007001056_305715,18HU07001_2007001056,HUD2007001,56,2007,4,10,42.83333,-61.73333,HL6,30,11.6,0.726,0.357,0.74,HL_06,Spring
2007001056_305718,18HU07001_2007001056,HUD2007001,56,2007,4,10,42.83333,-61.73333,HL6,3,10.666,0.544,0.318,0.645,HL_06,Spring
041_389603,18HU13004_041,HUD2013004,41,2013,4,9,42.8492,-61.7267,HL_06,78,0.1012,5.765,0.693,5.495,HL_06,Spring
041_389606,18HU13004_041,HUD2013004,41,2013,4,9,42.8492,-61.7267,HL_06,39,1.3412,3.905,0.5905,3.835,HL_06,Spring
041_389605,18HU13004_041,HUD2013004,41,2013,4,9,42.8492,-61.7267,HL_06,48,1.3795,3.96,0.5925,3.74,HL_06,Spring
041_389598,18HU13004_041,HUD2013004,41,2013,4,9,42.8492,-61.7267,HL_06,1048,0,17.635,1.134,11.625,HL_06,Spring
041_389599,18HU13004_041,HUD2013004,41,2013,4,9,42.8492,-61.7267,HL_06,748,0,17.65,1.118,11.175,HL_06,Spring
041_389601,18HU13004_041,HUD2013004,41,2013,4,9,42.8492,-61.7267,HL_06,248,0,18.075,1.2515,11.565,HL_06,Spring
041_389604,18HU13004_041,HUD2013004,41,2013,4,9,42.8492,-61.7267,HL_06,59,0.2766,5.205,0.666,5.025,HL_06,Spring
041_389607,18HU13004_041,HUD2013004,41,2013,4,9,42.8492,-61.7267,HL_06,31,1.916,3.835,0.598,3.67,HL_06,Spring
041_389608,18HU13004_041,HUD2013004,41,2013,4,9,42.8492,-61.7267,HL_06,19,1.6861,3.705,0.6115,3.645,HL_06,Spring
041_389609,18HU13004_041,HUD2013004,41,2013,4,9,42.8492,-61.7267,HL_06,8,1.9926,3.545,0.5985,3.745,HL_06,Spring
041_389610,18HU13004_041,HUD2013004,41,2013,4,9,42.8492,-61.7267,HL_06,2,1.5711,3.59,0.5875,3.7,HL_06,Spring
041_389602,18HU13004_041,HUD2013004,41,2013,4,9,42.8492,-61.7267,HL_06,99,0.1181,6.42,0.7285,5.99,HL_06,Spring
127_395829,18HU14004_127,HUD2014004,127,2014,4,14,42.83212,-61.7344,HL_06,1098,0,17.45,1.2385,11.31,HL_06,Spring
127_395834,18HU14004_127,HUD2014004,127,2014,4,14,42.83176,-61.7334,HL_06,79,0.92032,8.255,0.619,3.105,HL_06,Spring
127_395833,18HU14004_127,HUD2014004,127,2014,4,14,42.83165,-61.7334,HL_06,100,0.72488,9.315,0.6185,3.405,HL_06,Spring
127_395839,18HU14004_127,HUD2014004,127,2014,4,14,42.8321,-61.73338,HL_06,20,1.73329,3.01,0.4505,0.94,HL_06,Spring
127_395838,18HU14004_127,HUD2014004,127,2014,4,14,42.83208,-61.73332,HL_06,31,0.82829,3.555,0.459,0.905,HL_06,Spring
127_395832,18HU14004_127,HUD2014004,127,2014,4,14,42.83152,-61.73328,HL_06,251,0,25.09,1.576,13.445,HL_06,Spring
127_395831,18HU14004_127,HUD2014004,127,2014,4,14,42.83188,-61.73384,HL_06,500,0,21.565,1.419,13.225,HL_06,Spring
127_395830,18HU14004_127,HUD2014004,127,2014,4,14,42.83186,-61.73346,HL_06,750,0,18.555,1.2135,11.03,HL_06,Spring
127_395836,18HU14004_127,HUD2014004,127,2014,4,14,42.832,-61.7334,HL_06,46,0.54708,5.005,0.487,1.51,HL_06,Spring
127_395835,18HU14004_127,HUD2014004,127,2014,4,14,42.83187,-61.73344,HL_06,59,0.64282,6.145,0.54,2.055,HL_06,Spring
127_395841,18HU14004_127,HUD2014004,127,2014,4,14,42.83211,-61.73333,HL_06,3,1.79464,2.745,0.4435,0.83,HL_06,Spring
127_395840,18HU14004_127,HUD2014004,127,2014,4,14,42.83208,-61.7334,HL_06,10,1.87133,2.91,0.446,0.83,HL_06,Spring
127_395837,18HU14004_127,HUD2014004,127,2014,4,14,42.83206,-61.73332,HL_06,39,0.5334,5.675,0.578,2.38,HL_06,Spring
056_406533,18HU15004_056,HUD2015004,56,2015,4,21,42.82692,-61.7368,HL_06,501,0,19.675,1.303,12.41,HL_06,Spring
056_406543,18HU15004_056,HUD2015004,56,2015,4,21,42.82468,-61.73836,HL_06,10,1.05012,1.14,0.391,0.61,HL_06,Spring
056_406542,18HU15004_056,HUD2015004,56,2015,4,21,42.8248,-61.73842,HL_06,20,0.45575,3.92,0.64,1.72,HL_06,Spring
056_406541,18HU15004_056,HUD2015004,56,2015,4,21,42.8249,-61.73846,HL_06,30,0.51468,4.265,0.6425,1.92,HL_06,Spring
056_406531,18HU15004_056,HUD2015004,56,2015,4,21,42.82824,-61.73614,HL_06,1113,0,17.48,1.15,11.715,HL_06,Spring
056_406540,18HU15004_056,HUD2015004,56,2015,4,21,42.82508,-61.73866,HL_06,40,1.03554,5.805,0.6205,2.215,HL_06,Spring
056_406532,18HU15004_056,HUD2015004,56,2015,4,21,42.8277,-61.73652,HL_06,750,0,18,1.1805,11.415,HL_06,Spring
056_406536,18HU15004_056,HUD2015004,56,2015,4,21,42.82574,-61.7382,HL_06,101,0.2043,8.445,0.637,2.665,HL_06,Spring
056_406544,18HU15004_056,HUD2015004,56,2015,4,21,42.82462,-61.7384,HL_06,1,0.77301,0.305,0.332,0.21,HL_06,Spring
056_406534,18HU15004_056,HUD2015004,56,2015,4,21,42.82644,-61.7379,HL_06,250,0,23.22,1.4815,12.9,HL_06,Spring
056_406535,18HU15004_056,HUD2015004,56,2015,4,21,42.82604,-61.73804,HL_06,150,0,11.725,0.764,4.495,HL_06,Spring
056_406539,18HU15004_056,HUD2015004,56,2015,4,21,42.8253,-61.73854,HL_06,49,0.94803,6.25,0.5735,2.015,HL_06,Spring
056_406538,18HU15004_056,HUD2015004,56,2015,4,21,42.82538,-61.73838,HL_06,59,0.43611,6.11,0.5575,2.04,HL_06,Spring
056_406537,18HU15004_056,HUD2015004,56,2015,4,21,42.82556,-61.73826,HL_06,80,0.30645,7.155,0.595,2.255,HL_06,Spring
072_431369,18HU16003_072,HUD2016003,72,2016,4,19,42.83144,-61.73398,HL_06,1000,0,16.68,1.147,10.59333,HL_06,Spring
072_431389,18HU16003_072,HUD2016003,72,2016,4,19,42.83117,-61.73658,HL_06,3,1.04261,2.89333,0.43867,2.14667,HL_06,Spring
072_431385,18HU16003_072,HUD2016003,72,2016,4,19,42.83156,-61.73608,HL_06,20,1.09974,3.58333,0.45333,1.88667,HL_06,Spring
072_431384,18HU16003_072,HUD2016003,72,2016,4,19,42.83164,-61.7361,HL_06,31,1.04261,4.83667,0.45933,2.19333,HL_06,Spring
072_431383,18HU16003_072,HUD2016003,72,2016,4,19,42.83174,-61.73616,HL_06,40,1.08546,5.00667,0.464,2.15,HL_06,Spring
072_431379,18HU16003_072,HUD2016003,72,2016,4,19,42.83201,-61.73624,HL_06,60,0.54273,6.25333,0.47733,2.58667,HL_06,Spring
072_431368,18HU16003_072,HUD2016003,72,2016,4,19,42.8316,-61.73442,HL_06,1102,0,15.62333,1.02833,10.28,HL_06,Spring
072_431388,18HU16003_072,HUD2016003,72,2016,4,19,42.83142,-61.73619,HL_06,10,1.214,2.80333,0.438,1.68,HL_06,Spring
072_431380,18HU16003_072,HUD2016003,72,2016,4,19,42.83189,-61.73632,HL_06,51,0.64271,6.64667,0.49767,2.79667,HL_06,Spring
072_431373,18HU16003_072,HUD2016003,72,2016,4,19,42.83192,-61.7345,HL_06,251,0,20.85667,1.33833,11.42,HL_06,Spring
072_431370,18HU16003_072,HUD2016003,72,2016,4,19,42.83114,-61.73394,HL_06,899,0,16.04333,1.134,10.12,HL_06,Spring
072_431371,18HU16003_072,HUD2016003,72,2016,4,19,42.83104,-61.73376,HL_06,751,0,15.33667,1.107,9.64333,HL_06,Spring
072_431372,18HU16003_072,HUD2016003,72,2016,4,19,42.83164,-61.7342,HL_06,500,0,19.76667,1.302,12.14,HL_06,Spring
072_431376,18HU16003_072,HUD2016003,72,2016,4,19,42.83204,-61.73582,HL_06,81,0.64271,5.78667,0.46467,2.39333,HL_06,Spring
072_431375,18HU16003_072,HUD2016003,72,2016,4,19,42.83192,-61.7356,HL_06,101,0.84266,6.89,0.47033,2.55667,HL_06,Spring
072_431374,18HU16003_072,HUD2016003,72,2016,4,19,42.83187,-61.73528,HL_06,151,0,10.68333,0.66133,4.52,HL_06,Spring
092_446097,18HU18004_092,HUD2018004,92,2018,4,14,42.83152,-61.73288,HL_06,904,0,18.74,1.2025,11.675,HL_06,Spring
092_446098,18HU18004_092,HUD2018004,92,2018,4,14,42.8316,-61.73272,HL_06,749,0,19.31,1.2435,11.98,HL_06,Spring
092_446099,18HU18004_092,HUD2018004,92,2018,4,14,42.8317,-61.73277,HL_06,498,0,21.975,1.391,13.55,HL_06,Spring
092_446107,18HU18004_092,HUD2018004,92,2018,4,14,42.8318,-61.73324,HL_06,49,0.47986,8.48,0.5435,2.855,HL_06,Spring
092_446096,18HU18004_092,HUD2018004,92,2018,4,14,42.83122,-61.73271,HL_06,1001,0,18.625,1.186,11.785,HL_06,Spring
092_446095,18HU18004_092,HUD2018004,92,2018,4,14,42.83136,-61.73186,HL_06,1099,0,18.395,1.184,11.985,HL_06,Spring
092_446100,18HU18004_092,HUD2018004,92,2018,4,14,42.83168,-61.73292,HL_06,247,0,21.615,1.321,10.605,HL_06,Spring
092_446101,18HU18004_092,HUD2018004,92,2018,4,14,42.83191,-61.73322,HL_06,151,0,8.425,0.548,2.93,HL_06,Spring
092_446103,18HU18004_092,HUD2018004,92,2018,4,14,42.8316,-61.73292,HL_06,79,0.47537,8.455,0.5525,2.97,HL_06,Spring
092_446106,18HU18004_092,HUD2018004,92,2018,4,14,42.83174,-61.73342,HL_06,62,0.43501,8.39,0.547,2.85,HL_06,Spring
092_446116,18HU18004_092,HUD2018004,92,2018,4,14,42.83183,-61.733,HL_06,2,0.4081,8.495,0.553,2.86,HL_06,Spring
092_446115,18HU18004_092,HUD2018004,92,2018,4,14,42.83174,-61.73314,HL_06,9,0.47986,8.44,0.5475,3.02,HL_06,Spring
092_446112,18HU18004_092,HUD2018004,92,2018,4,14,42.83172,-61.73308,HL_06,20,0.47089,8.43,0.566,2.845,HL_06,Spring
092_446111,18HU18004_092,HUD2018004,92,2018,4,14,42.83168,-61.73298,HL_06,30,0.46192,8.505,0.5505,2.855,HL_06,Spring
092_446110,18HU18004_092,HUD2018004,92,2018,4,14,42.83167,-61.73306,HL_06,40,0.49331,8.525,0.556,2.855,HL_06,Spring
092_446102,18HU18004_092,HUD2018004,92,2018,4,14,42.8317,-61.73276,HL_06,101,0.37671,8.29,0.5295,2.835,HL_06,Spring
2005004021_281968,18NE05004_2005004021,NED2005004,21,2005,4,2,42.83816,-61.72866,HL6,58,4.537,2.881,0.596,1.952,HL_06,Spring
2005004021_281965,18NE05004_2005004021,NED2005004,21,2005,4,2,42.83816,-61.72866,HL6,249,0,22.116,1.464,12.594,HL_06,Spring
2005004021_281971,18NE05004_2005004021,NED2005004,21,2005,4,2,42.83816,-61.72866,HL6,27,4.601,1.386,0.52,1.516,HL_06,Spring
2005004021_281970,18NE05004_2005004021,NED2005004,21,2005,4,2,42.83816,-61.72866,HL6,36,5.304,1.367,0.529,1.5,HL_06,Spring
2005004021_281966,18NE05004_2005004021,NED2005004,21,2005,4,2,42.83816,-61.72866,HL6,99,0.716,9.376,0.743,4.196,HL_06,Spring
2005004021_281972,18NE05004_2005004021,NED2005004,21,2005,4,2,42.83816,-61.72866,HL6,18,5.048,1.313,0.523,1.501,HL_06,Spring
2005004021_281967,18NE05004_2005004021,NED2005004,21,2005,4,2,42.83816,-61.72866,HL6,81,1.065,8.818,0.722,4.012,HL_06,Spring
2005004021_281974,18NE05004_2005004021,NED2005004,21,2005,4,2,42.83816,-61.72866,HL6,3,4.665,1.208,0.494,1.399,HL_06,Spring
2005004021_281969,18NE05004_2005004021,NED2005004,21,2005,4,2,42.83816,-61.72866,HL6,47,5.495,1.491,0.537,1.302,HL_06,Spring
2005004021_281964,18NE05004_2005004021,NED2005004,21,2005,4,2,42.83816,-61.72866,HL6,495,0,19.397,1.339,13.209,HL_06,Spring
2000002082_228305,18PZ00002_2000002082,PAR2000002,82,2000,4,13,42.84716,-61.73483,HL6,1,2.17,0.541,0.338,0.419,HL_06,Spring
2000002082_228303,18PZ00002_2000002082,PAR2000002,82,2000,4,13,42.84716,-61.73483,HL6,10,2.34,0.546,0.35,0.712,HL_06,Spring
2000002082_228304,18PZ00002_2000002082,PAR2000002,82,2000,4,13,42.84716,-61.73483,HL6,10,2.305,0.571,0.366,0.472,HL_06,Spring
2000002082_228295,18PZ00002_2000002082,PAR2000002,82,2000,4,13,42.84716,-61.73483,HL6,80,0.18,7.093,0.507,3.225,HL_06,Spring
2000002082_228296,18PZ00002_2000002082,PAR2000002,82,2000,4,13,42.84716,-61.73483,HL6,70,0.4,6.517,0.536,3.342,HL_06,Spring
2000002082_228297,18PZ00002_2000002082,PAR2000002,82,2000,4,13,42.84716,-61.73483,HL6,60,1.02,7.081,0.774,4.619,HL_06,Spring
2000002082_228298,18PZ00002_2000002082,PAR2000002,82,2000,4,13,42.84716,-61.73483,HL6,50,1.9,5.194,0.687,3.027,HL_06,Spring
2000002082_228299,18PZ00002_2000002082,PAR2000002,82,2000,4,13,42.84716,-61.73483,HL6,40,0.33,4.39,0.668,2.301,HL_06,Spring
2000002082_228301,18PZ00002_2000002082,PAR2000002,82,2000,4,13,42.84716,-61.73483,HL6,30,1.626,1.061,0.372,1.116,HL_06,Spring
2000002082_228302,18PZ00002_2000002082,PAR2000002,82,2000,4,13,42.84716,-61.73483,HL6,20,2.63,0.541,0.35,0.533,HL_06,Spring
2000002082_228290,18PZ00002_2000002082,PAR2000002,82,2000,4,13,42.84716,-61.73483,HL6,1045,0,15.52,1.061,10.803,HL_06,Spring
2000002082_228294,18PZ00002_2000002082,PAR2000002,82,2000,4,13,42.84716,-61.73483,HL6,100,0.18,7.733,0.516,3.811,HL_06,Spring
2000002082_228293,18PZ00002_2000002082,PAR2000002,82,2000,4,13,42.84716,-61.73483,HL6,250,0,21.369,1.418,12.509,HL_06,Spring
2000002082_228292,18PZ00002_2000002082,PAR2000002,82,2000,4,13,42.84716,-61.73483,HL6,500,0,18.037,1.21,11.909,HL_06,Spring
2000002082_228291,18PZ00002_2000002082,PAR2000002,82,2000,4,13,42.84716,-61.73483,HL6,750,0,17.009,1.127,11.231,HL_06,Spring
2000002082_228300,18PZ00002_2000002082,PAR2000002,82,2000,4,13,42.84716,-61.73483,HL6,30,1.77,0.832,0.367,1.061,HL_06,Spring
2000050117_232503,18HU00050_2000050117,HUD2000050,117,2000,10,8,42.85266,-61.72533,HL6,1010,0,19.112,1.193,11.989,HL_06,Fall
2000050117_232504,18HU00050_2000050117,HUD2000050,117,2000,10,8,42.85266,-61.72533,HL6,750,0,18.925,1.228,12.006,HL_06,Fall
2000050117_232511,18HU00050_2000050117,HUD2000050,117,2000,10,8,42.85266,-61.72533,HL6,40,0,0.215,0.27,1.758,HL_06,Fall
2000050117_232515,18HU00050_2000050117,HUD2000050,117,2000,10,8,42.85266,-61.72533,HL6,10,0,0.152,0.123,0.844,HL_06,Fall
2000050117_232516,18HU00050_2000050117,HUD2000050,117,2000,10,8,42.85266,-61.72533,HL6,10,0.268,0.276,0.181,1.091,HL_06,Fall
2000050117_232513,18HU00050_2000050117,HUD2000050,117,2000,10,8,42.85266,-61.72533,HL6,30,0,0.207,0.205,1.331,HL_06,Fall
2000050117_232517,18HU00050_2000050117,HUD2000050,117,2000,10,8,42.85266,-61.72533,HL6,1,0,0.179,0.126,0.817,HL_06,Fall
2000050117_232512,18HU00050_2000050117,HUD2000050,117,2000,10,8,42.85266,-61.72533,HL6,40,0.422,0.275,0.341,1.953,HL_06,Fall
2000050117_232510,18HU00050_2000050117,HUD2000050,117,2000,10,8,42.85266,-61.72533,HL6,50,0,0.699,0.408,2.584,HL_06,Fall
2000050117_232509,18HU00050_2000050117,HUD2000050,117,2000,10,8,42.85266,-61.72533,HL6,60,0,6.141,0.711,4.293,HL_06,Fall
2000050117_232508,18HU00050_2000050117,HUD2000050,117,2000,10,8,42.85266,-61.72533,HL6,80,0,8.975,0.806,4.981,HL_06,Fall
2000050117_232507,18HU00050_2000050117,HUD2000050,117,2000,10,8,42.85266,-61.72533,HL6,100,0,10.868,0.816,5.211,HL_06,Fall
2000050117_232506,18HU00050_2000050117,HUD2000050,117,2000,10,8,42.85266,-61.72533,HL6,250,0,22.936,1.436,12.741,HL_06,Fall
2000050117_232505,18HU00050_2000050117,HUD2000050,117,2000,10,8,42.85266,-61.72533,HL6,500,0,20.615,1.32,12.992,HL_06,Fall
2000050117_232514,18HU00050_2000050117,HUD2000050,117,2000,10,8,42.85266,-61.72533,HL6,20,0,0.17,0.133,0.855,HL_06,Fall
2001061149_243783,18HU01061_2001061149,HUD2001061,149,2001,10,29,42.849,-61.736,HL6,10,0.61488,0.6805,0.4175,0.498,HL_06,Fall
2001061149_243784,18HU01061_2001061149,HUD2001061,149,2001,10,29,42.849,-61.736,HL6,1,0.62586,0.6785,0.354,0.4425,HL_06,Fall
2001061149_243779,18HU01061_2001061149,HUD2001061,149,2001,10,29,42.849,-61.736,HL6,50,0.14076,6.347,1.123,5.2275,HL_06,Fall
2001061149_243778,18HU01061_2001061149,HUD2001061,149,2001,10,29,42.849,-61.736,HL6,60,0.07344,6.9005,1.1335,5.665,HL_06,Fall
2001061149_243777,18HU01061_2001061149,HUD2001061,149,2001,10,29,42.849,-61.736,HL6,70,0.04896,7.6895,1.174,6.2765,HL_06,Fall
2001061149_243776,18HU01061_2001061149,HUD2001061,149,2001,10,29,42.849,-61.736,HL6,80,0.04284,7.9035,1.1955,6.469,HL_06,Fall
2001061149_243775,18HU01061_2001061149,HUD2001061,149,2001,10,29,42.849,-61.736,HL6,100,0.05508,8.5715,1.226,7.445,HL_06,Fall
2001061149_243774,18HU01061_2001061149,HUD2001061,149,2001,10,29,42.849,-61.736,HL6,250,0,19.578,1.436,11.612,HL_06,Fall
2001061149_243773,18HU01061_2001061149,HUD2001061,149,2001,10,29,42.849,-61.736,HL6,500,0,19.9375,1.43,12.425,HL_06,Fall
2001061149_243781,18HU01061_2001061149,HUD2001061,149,2001,10,29,42.849,-61.736,HL6,30,0.41724,4.417,0.9895,3.8955,HL_06,Fall
2001061149_243772,18HU01061_2001061149,HUD2001061,149,2001,10,29,42.849,-61.736,HL6,750,0,18.6225,1.3775,11.507,HL_06,Fall
2001061149_243771,18HU01061_2001061149,HUD2001061,149,2001,10,29,42.849,-61.736,HL6,1015,0,17.419,1.279,10.865,HL_06,Fall
2001061149_243782,18HU01061_2001061149,HUD2001061,149,2001,10,29,42.849,-61.736,HL6,20,0.75762,1.2975,0.643,1.471,HL_06,Fall
2001061149_243780,18HU01061_2001061149,HUD2001061,149,2001,10,29,42.849,-61.736,HL6,40,0.35136,5.6645,1.08,4.754,HL_06,Fall
2002064071_259020,18HU02064_2002064071,HUD2002064,71,2002,10,19,42.84716,-61.73,HL6,60,0.077,4.591,0.688,3.259,HL_06,Fall
2002064071_259013,18HU02064_2002064071,HUD2002064,71,2002,10,19,42.84716,-61.73,HL6,1054,0,14.988,1.064,9.782,HL_06,Fall
2002064071_259014,18HU02064_2002064071,HUD2002064,71,2002,10,19,42.84716,-61.73,HL6,751,0,17.927,1.053,11.564,HL_06,Fall
2002064071_259015,18HU02064_2002064071,HUD2002064,71,2002,10,19,42.84716,-61.73,HL6,501,0,20.438,1.211,13.017,HL_06,Fall
2002064071_259016,18HU02064_2002064071,HUD2002064,71,2002,10,19,42.84716,-61.73,HL6,251,0,24.588,1.372,14.204,HL_06,Fall
2002064071_259017,18HU02064_2002064071,HUD2002064,71,2002,10,19,42.84716,-61.73,HL6,100,0.04,9.259,0.732,5.465,HL_06,Fall
2002064071_259018,18HU02064_2002064071,HUD2002064,71,2002,10,19,42.84716,-61.73,HL6,80,0.049,7.956,0.722,4.678,HL_06,Fall
2002064071_259019,18HU02064_2002064071,HUD2002064,71,2002,10,19,42.84716,-61.73,HL6,70,0.08,5.964,0.662,3.916,HL_06,Fall
2002064071_259021,18HU02064_2002064071,HUD2002064,71,2002,10,19,42.84716,-61.73,HL6,50,0.307,2.024,0.465,2.22,HL_06,Fall
2002064071_259022,18HU02064_2002064071,HUD2002064,71,2002,10,19,42.84716,-61.73,HL6,40,0.527,0.86,0.22,2.303,HL_06,Fall
2002064071_259023,18HU02064_2002064071,HUD2002064,71,2002,10,19,42.84716,-61.73,HL6,30,0.593,0.042,0.132,0.819,HL_06,Fall
2002064071_259024,18HU02064_2002064071,HUD2002064,71,2002,10,19,42.84716,-61.73,HL6,20,0.423,0.012,0.139,0.653,HL_06,Fall
2002064071_259025,18HU02064_2002064071,HUD2002064,71,2002,10,19,42.84716,-61.73,HL6,10,0.423,0.023,0.094,0.582,HL_06,Fall
2002064071_259026,18HU02064_2002064071,HUD2002064,71,2002,10,19,42.84716,-61.73,HL6,3,0.412,0.009,0.065,0.472,HL_06,Fall
2004055114_281811,18HU04055_2004055114,HUD2004055,114,2004,10,28,42.84883,-61.73783,HL6,11,0.598,0.442,0.167,1.462,HL_06,Fall
2004055114_281812,18HU04055_2004055114,HUD2004055,114,2004,10,28,42.84883,-61.73783,HL6,4,0.587,0.437,0.16,1.297,HL_06,Fall
2004055114_281800,18HU04055_2004055114,HUD2004055,114,2004,10,28,42.84883,-61.73783,HL6,1027,0,17.292,1.105,11.05,HL_06,Fall
2004055114_281801,18HU04055_2004055114,HUD2004055,114,2004,10,28,42.84883,-61.73783,HL6,751,0,17.975,1.155,11.235,HL_06,Fall
2004055114_281802,18HU04055_2004055114,HUD2004055,114,2004,10,28,42.84883,-61.73783,HL6,501,0,18.993,1.226,12.017,HL_06,Fall
2004055114_281804,18HU04055_2004055114,HUD2004055,114,2004,10,28,42.84883,-61.73783,HL6,100,0.065,10.646,0.921,6.775,HL_06,Fall
2004055114_281810,18HU04055_2004055114,HUD2004055,114,2004,10,28,42.84883,-61.73783,HL6,21,0.641,0.442,0.169,1.394,HL_06,Fall
2004055114_281809,18HU04055_2004055114,HUD2004055,114,2004,10,28,42.84883,-61.73783,HL6,30,0.609,0.443,0.183,1.293,HL_06,Fall
2004055114_281808,18HU04055_2004055114,HUD2004055,114,2004,10,28,42.84883,-61.73783,HL6,39,0.614,0.455,0.198,1.201,HL_06,Fall
2004055114_281807,18HU04055_2004055114,HUD2004055,114,2004,10,28,42.84883,-61.73783,HL6,50,0.366,4.874,0.733,4.015,HL_06,Fall
2004055114_281805,18HU04055_2004055114,HUD2004055,114,2004,10,28,42.84883,-61.73783,HL6,80,0.179,9.033,0.935,6.569,HL_06,Fall
2004055114_281806,18HU04055_2004055114,HUD2004055,114,2004,10,28,42.84883,-61.73783,HL6,60,0.228,7.299,0.886,5.704,HL_06,Fall
2004055114_281803,18HU04055_2004055114,HUD2004055,114,2004,10,28,42.84883,-61.73783,HL6,251,0,20.326,1.344,12.25,HL_06,Fall
2005055080_294716,18HU05055_2005055080,HUD2005055,80,2005,10,24,42.84966,-61.72933,HL6,4,0.366,0.302,0.15,0.907,HL_06,Fall
2005055080_294704,18HU05055_2005055080,HUD2005055,80,2005,10,24,42.84966,-61.72933,HL6,1034,0,18.138,1.262,11.064,HL_06,Fall
2005055080_294714,18HU05055_2005055080,HUD2005055,80,2005,10,24,42.84966,-61.72933,HL6,22,0.191,0.287,0.134,0.758,HL_06,Fall
2005055080_294713,18HU05055_2005055080,HUD2005055,80,2005,10,24,42.84966,-61.72933,HL6,30,0.325,0.322,0.159,0.964,HL_06,Fall
2005055080_294712,18HU05055_2005055080,HUD2005055,80,2005,10,24,42.84966,-61.72933,HL6,41,0.396,0.375,0.191,1.135,HL_06,Fall
2005055080_294707,18HU05055_2005055080,HUD2005055,80,2005,10,24,42.84966,-61.72933,HL6,247,0,22.448,1.513,11.918,HL_06,Fall
2005055080_294708,18HU05055_2005055080,HUD2005055,80,2005,10,24,42.84966,-61.72933,HL6,103,0.024,11.597,0.935,5.974,HL_06,Fall
2005055080_294709,18HU05055_2005055080,HUD2005055,80,2005,10,24,42.84966,-61.72933,HL6,82,0.041,8.153,0.76,4.024,HL_06,Fall
2005055080_294710,18HU05055_2005055080,HUD2005055,80,2005,10,24,42.84966,-61.72933,HL6,58,0.204,3.529,0.542,3.042,HL_06,Fall
2005055080_294711,18HU05055_2005055080,HUD2005055,80,2005,10,24,42.84966,-61.72933,HL6,51,0.413,1.009,0.284,1.763,HL_06,Fall
2005055080_294705,18HU05055_2005055080,HUD2005055,80,2005,10,24,42.84966,-61.72933,HL6,752,0,17.731,1.266,10.454,HL_06,Fall
2005055080_294706,18HU05055_2005055080,HUD2005055,80,2005,10,24,42.84966,-61.72933,HL6,505,0,20.301,1.388,12.211,HL_06,Fall
2005055080_294715,18HU05055_2005055080,HUD2005055,80,2005,10,24,42.84966,-61.72933,HL6,10,0.349,0.29,0.154,0.881,HL_06,Fall
2006052069_305144,18HU06052_2006052069,HUD2006052,69,2006,10,12,42.8335,-61.73333,HL6,751,0,18.808,1.185,11.066,HL_06,Fall
2006052069_305155,18HU06052_2006052069,HUD2006052,69,2006,10,12,42.8335,-61.73333,HL6,4,0.101,0.345,0.237,1.069,HL_06,Fall
2006052069_305154,18HU06052_2006052069,HUD2006052,69,2006,10,12,42.8335,-61.73333,HL6,10,0.161,0.336,0.226,1.647,HL_06,Fall
2006052069_305153,18HU06052_2006052069,HUD2006052,69,2006,10,12,42.8335,-61.73333,HL6,21,0.15,0.537,0.302,1.384,HL_06,Fall
2006052069_305151,18HU06052_2006052069,HUD2006052,69,2006,10,12,42.8335,-61.73333,HL6,40,0.045,2.387,0.515,2.361,HL_06,Fall
2006052069_305149,18HU06052_2006052069,HUD2006052,69,2006,10,12,42.8335,-61.73333,HL6,69,0.013,8.938,0.982,6.865,HL_06,Fall
2006052069_305148,18HU06052_2006052069,HUD2006052,69,2006,10,12,42.8335,-61.73333,HL6,81,0.002,10.552,1.034,7.934,HL_06,Fall
2006052069_305147,18HU06052_2006052069,HUD2006052,69,2006,10,12,42.8335,-61.73333,HL6,102,0.002,12.26,1.081,9.097,HL_06,Fall
2006052069_305145,18HU06052_2006052069,HUD2006052,69,2006,10,12,42.8335,-61.73333,HL6,499,0,20.524,1.279,12.521,HL_06,Fall
2006052069_305143,18HU06052_2006052069,HUD2006052,69,2006,10,12,42.8335,-61.73333,HL6,1027,0,0.33,0.21,1.108,HL_06,Fall
2006052069_305152,18HU06052_2006052069,HUD2006052,69,2006,10,12,42.8335,-61.73333,HL6,30,0.135,0.925,0.364,1.695,HL_06,Fall
2006052069_305146,18HU06052_2006052069,HUD2006052,69,2006,10,12,42.8335,-61.73333,HL6,250,0,21.732,1.373,12.367,HL_06,Fall
2006052069_305150,18HU06052_2006052069,HUD2006052,69,2006,10,12,42.8335,-61.73333,HL6,50,0.053,7.705,0.905,5.946,HL_06,Fall
2007045111_322239,18HU07045_2007045111,HUD2007045,111,2007,10,12,42.8335,-61.71666,HL6,80,0.035,6.901,0.731,4.283,HL_06,Fall
2007045111_322240,18HU07045_2007045111,HUD2007045,111,2007,10,12,42.8335,-61.71666,HL6,60,0.063,4.883,0.671,3.177,HL_06,Fall
2007045111_322235,18HU07045_2007045111,HUD2007045,111,2007,10,12,42.8335,-61.71666,HL6,752,0,16.718,1.148,11.122,HL_06,Fall
2007045111_322246,18HU07045_2007045111,HUD2007045,111,2007,10,12,42.8335,-61.71666,HL6,5,0.248,0.044,0.179,0.573,HL_06,Fall
2007045111_322245,18HU07045_2007045111,HUD2007045,111,2007,10,12,42.8335,-61.71666,HL6,10,0.281,0.046,0.188,0.578,HL_06,Fall
2007045111_322244,18HU07045_2007045111,HUD2007045,111,2007,10,12,42.8335,-61.71666,HL6,21,0.499,0.051,0.178,0.678,HL_06,Fall
2007045111_322242,18HU07045_2007045111,HUD2007045,111,2007,10,12,42.8335,-61.71666,HL6,40,0.402,1.319,0.514,1.715,HL_06,Fall
2007045111_322236,18HU07045_2007045111,HUD2007045,111,2007,10,12,42.8335,-61.71666,HL6,501,0,17.286,1.205,11.844,HL_06,Fall
2007045111_322241,18HU07045_2007045111,HUD2007045,111,2007,10,12,42.8335,-61.71666,HL6,51,0.115,3.544,0.658,2.619,HL_06,Fall
2007045111_322243,18HU07045_2007045111,HUD2007045,111,2007,10,12,42.8335,-61.71666,HL6,30,4.048,0.07,0.301,1.109,HL_06,Fall
2007045111_322234,18HU07045_2007045111,HUD2007045,111,2007,10,12,42.8335,-61.71666,HL6,1027,0,16.307,1.111,11.03,HL_06,Fall
2007045111_322238,18HU07045_2007045111,HUD2007045,111,2007,10,12,42.8335,-61.71666,HL6,101,0.016,9.804,0.868,5.697,HL_06,Fall
2007045111_322237,18HU07045_2007045111,HUD2007045,111,2007,10,12,42.8335,-61.71666,HL6,251,0,20.592,1.348,13.329,HL_06,Fall
2008037079_337260,18HU08037_2008037079,HUD2008037,79,2008,10,9,42.839,-61.7605,HL6,81,0.044,8.383,0.844,5.427,HL_06,Fall
2008037079_337257,18HU08037_2008037079,HUD2008037,79,2008,10,9,42.839,-61.7605,HL6,501,0,19.138,1.273,12.431,HL_06,Fall
2008037079_337258,18HU08037_2008037079,HUD2008037,79,2008,10,9,42.839,-61.7605,HL6,259,0,20.514,1.369,12.928,HL_06,Fall
2008037079_337259,18HU08037_2008037079,HUD2008037,79,2008,10,9,42.839,-61.7605,HL6,100,0.013,11.582,0.955,6.745,HL_06,Fall
2008037079_337268,18HU08037_2008037079,HUD2008037,79,2008,10,9,42.839,-61.7605,HL6,3,0.9,0,0,0,HL_06,Fall
2008037079_337267,18HU08037_2008037079,HUD2008037,79,2008,10,9,42.839,-61.7605,HL6,3,0,0.778,0.239,0.301,HL_06,Fall
2008037079_337266,18HU08037_2008037079,HUD2008037,79,2008,10,9,42.839,-61.7605,HL6,10,0.845,0.773,0.241,0.329,HL_06,Fall
2008037079_337256,18HU08037_2008037079,HUD2008037,79,2008,10,9,42.839,-61.7605,HL6,1017,0,17.266,1.16,11.357,HL_06,Fall
2008037079_337261,18HU08037_2008037079,HUD2008037,79,2008,10,9,42.839,-61.7605,HL6,60,0.119,5.422,0.734,4.235,HL_06,Fall
2008037079_337262,18HU08037_2008037079,HUD2008037,79,2008,10,9,42.839,-61.7605,HL6,50,0.651,1.852,0.5,2.336,HL_06,Fall
2008037079_337263,18HU08037_2008037079,HUD2008037,79,2008,10,9,42.839,-61.7605,HL6,41,1.144,0.869,0.342,1.429,HL_06,Fall
2008037079_337264,18HU08037_2008037079,HUD2008037,79,2008,10,9,42.839,-61.7605,HL6,31,2.468,0.786,0.269,1.247,HL_06,Fall
2008037079_337265,18HU08037_2008037079,HUD2008037,79,2008,10,9,42.839,-61.7605,HL6,21,0.831,0.779,0.239,0.315,HL_06,Fall
2009048019_359790,18HU09048_2009048019,HUD2009048,19,2009,9,28,42.85,-61.7358,HL6,20,0.243,0.004,0.147,1.218,HL_06,Fall
2009048019_359791,18HU09048_2009048019,HUD2009048,19,2009,9,28,42.85,-61.7358,HL6,11,0.23,0.005,0.178,1.345,HL_06,Fall
2009048019_359786,18HU09048_2009048019,HUD2009048,19,2009,9,28,42.85,-61.7358,HL6,61,0.105,4.951,0.604,5.41,HL_06,Fall
2009048019_359789,18HU09048_2009048019,HUD2009048,19,2009,9,28,42.85,-61.7358,HL6,30,0.243,0,0.149,5.679,HL_06,Fall
2009048019_359788,18HU09048_2009048019,HUD2009048,19,2009,9,28,42.85,-61.7358,HL6,40,0.518,0.037,0.146,1.96,HL_06,Fall
2009048019_359785,18HU09048_2009048019,HUD2009048,19,2009,9,28,42.85,-61.7358,HL6,80,0.033,7.985,0.717,4.889,HL_06,Fall
2009048019_359781,18HU09048_2009048019,HUD2009048,19,2009,9,28,42.85,-61.7358,HL6,751,0,17.954,1.128,11.538,HL_06,Fall
2009048019_359782,18HU09048_2009048019,HUD2009048,19,2009,9,28,42.85,-61.7358,HL6,501,0,19.543,1.244,12.861,HL_06,Fall
2009048019_359783,18HU09048_2009048019,HUD2009048,19,2009,9,28,42.85,-61.7358,HL6,251,0,23.874,1.462,14.242,HL_06,Fall
2009048019_359784,18HU09048_2009048019,HUD2009048,19,2009,9,28,42.85,-61.7358,HL6,100,0.019,11.582,0.825,8.71,HL_06,Fall
2009048019_359792,18HU09048_2009048019,HUD2009048,19,2009,9,28,42.85,-61.7358,HL6,2,0.23,0.066,0.123,1.573,HL_06,Fall
2009048019_359787,18HU09048_2009048019,HUD2009048,19,2009,9,28,42.85,-61.7358,HL6,50,1.051,0.776,0.343,2.491,HL_06,Fall
2009048019_359780,18HU09048_2009048019,HUD2009048,19,2009,9,28,42.85,-61.7358,HL6,1000,0,17.749,1.146,12.065,HL_06,Fall
2009048083_360017,18HU09048_2009048083,HUD2009048,83,2009,10,6,42.85,-61.7348,HL6,104,0.015,12.492,0.849,6.685,HL_06,Fall
2009048083_360013,18HU09048_2009048083,HUD2009048,83,2009,10,6,42.85,-61.7348,HL6,1031,0,18.044,1.185,11.639,HL_06,Fall
2009048083_360014,18HU09048_2009048083,HUD2009048,83,2009,10,6,42.85,-61.7348,HL6,758,0,17.2,1.134,10.749,HL_06,Fall
2009048083_360024,18HU09048_2009048083,HUD2009048,83,2009,10,6,42.85,-61.7348,HL6,13,0.36,0.046,0.156,1.41,HL_06,Fall
2009048083_360023,18HU09048_2009048083,HUD2009048,83,2009,10,6,42.85,-61.7348,HL6,23,0.437,0.044,0.167,3.568,HL_06,Fall
2009048083_360022,18HU09048_2009048083,HUD2009048,83,2009,10,6,42.85,-61.7348,HL6,32,0.509,0.056,0.169,1.271,HL_06,Fall
2009048083_360021,18HU09048_2009048083,HUD2009048,83,2009,10,6,42.85,-61.7348,HL6,43,0.938,0.4,0.24,2.714,HL_06,Fall
2009048083_360020,18HU09048_2009048083,HUD2009048,83,2009,10,6,42.85,-61.7348,HL6,53,0.429,4.18,0.551,3.45,HL_06,Fall
2009048083_360016,18HU09048_2009048083,HUD2009048,83,2009,10,6,42.85,-61.7348,HL6,255,0,23.769,1.472,14.454,HL_06,Fall
2009048083_360018,18HU09048_2009048083,HUD2009048,83,2009,10,6,42.85,-61.7348,HL6,83,0.033,9.707,0.75,5.22,HL_06,Fall
2009048083_360026,18HU09048_2009048083,HUD2009048,83,2009,10,6,42.85,-61.7348,HL6,4,0.364,0.043,0.152,1.113,HL_06,Fall
2009048083_360015,18HU09048_2009048083,HUD2009048,83,2009,10,6,42.85,-61.7348,HL6,504,0,19.906,1.286,13.122,HL_06,Fall
2009048083_360019,18HU09048_2009048083,HUD2009048,83,2009,10,6,42.85,-61.7348,HL6,63,0.098,6.888,0.671,5.152,HL_06,Fall
2011043047_382428,18HU11043_2011043047,HUD2011043,47,2011,9,29,42.8503,-61.7322,HL6,501,0,19.484,1.415,12.238,HL_06,Fall
2011043047_382435,18HU11043_2011043047,HUD2011043,47,2011,9,29,42.8503,-61.7322,HL6,30,1.78,0.471,0.339,1.197,HL_06,Fall
2011043047_382434,18HU11043_2011043047,HUD2011043,47,2011,9,29,42.8503,-61.7322,HL6,41,2.962,0.731,0.398,1.509,HL_06,Fall
2011043047_382438,18HU11043_2011043047,HUD2011043,47,2011,9,29,42.8503,-61.7322,HL6,3,0.721,0.464,0.317,1.353,HL_06,Fall
2011043047_382433,18HU11043_2011043047,HUD2011043,47,2011,9,29,42.8503,-61.7322,HL6,50,0.718,3.418,0.702,3.433,HL_06,Fall
2011043047_382437,18HU11043_2011043047,HUD2011043,47,2011,9,29,42.8503,-61.7322,HL6,10,0.804,0.458,0.311,1.147,HL_06,Fall
2011043047_382432,18HU11043_2011043047,HUD2011043,47,2011,9,29,42.8503,-61.7322,HL6,60,0.247,5.093,0.851,4.801,HL_06,Fall
2011043047_382431,18HU11043_2011043047,HUD2011043,47,2011,9,29,42.8503,-61.7322,HL6,81,0.131,8.035,0.997,6.619,HL_06,Fall
2011043047_382430,18HU11043_2011043047,HUD2011043,47,2011,9,29,42.8503,-61.7322,HL6,101,0.042,10.38,1.058,7.516,HL_06,Fall
2011043047_382429,18HU11043_2011043047,HUD2011043,47,2011,9,29,42.8503,-61.7322,HL6,251,0,21.407,1.513,12.453,HL_06,Fall
2011043047_382426,18HU11043_2011043047,HUD2011043,47,2011,9,29,42.8503,-61.7322,HL6,1025,0,17.886,1.284,11.179,HL_06,Fall
2011043047_382427,18HU11043_2011043047,HUD2011043,47,2011,9,29,42.8503,-61.7322,HL6,751,0,18.203,1.31,10.797,HL_06,Fall
2011043047_382436,18HU11043_2011043047,HUD2011043,47,2011,9,29,42.8503,-61.7322,HL6,21,0.984,0.452,0.32,1.095,HL_06,Fall
039_398821,18HU13037_039,HUD2013037,39,2013,9,23,42.8317,-61.7323,HL_06,250,0,18.045,1.1945,8.465,HL_06,Fall
039_398822,18HU13037_039,HUD2013037,39,2013,9,23,42.8317,-61.7323,HL_06,102,0.1383,8.67,0.663,3.35,HL_06,Fall
039_398825,18HU13037_039,HUD2013037,39,2013,9,23,42.8317,-61.7323,HL_06,50,0.3689,4.275,0.3975,2.985,HL_06,Fall
039_398826,18HU13037_039,HUD2013037,39,2013,9,23,42.8317,-61.7323,HL_06,39,0.6639,0.745,0.2065,2.2,HL_06,Fall
039_398827,18HU13037_039,HUD2013037,39,2013,9,23,42.8317,-61.7323,HL_06,29,0.2255,0.52,0.134,1.34,HL_06,Fall
039_398828,18HU13037_039,HUD2013037,39,2013,9,23,42.8317,-61.7323,HL_06,20,0.181,0.54,0.1325,1.175,HL_06,Fall
039_398824,18HU13037_039,HUD2013037,39,2013,9,23,42.8317,-61.7323,HL_06,60,0.2767,5.95,0.5045,3.495,HL_06,Fall
039_398829,18HU13037_039,HUD2013037,39,2013,9,23,42.8317,-61.7323,HL_06,10,0.1605,0.395,0.1185,0.705,HL_06,Fall
039_398820,18HU13037_039,HUD2013037,39,2013,9,23,42.8317,-61.7323,HL_06,499,0,22.52,1.5085,13.515,HL_06,Fall
039_398819,18HU13037_039,HUD2013037,39,2013,9,23,42.8317,-61.7323,HL_06,750,0,19.61,1.2975,11.52,HL_06,Fall
039_398818,18HU13037_039,HUD2013037,39,2013,9,23,42.8317,-61.7323,HL_06,1102,0,18.58,1.2515,11.665,HL_06,Fall
039_398823,18HU13037_039,HUD2013037,39,2013,9,23,42.8317,-61.7323,HL_06,80,0.181,8.295,0.592,3.575,HL_06,Fall
028_404070,18HU14030_028,HUD2014030,28,2014,9,21,42.834,-61.7323,HL_06,750,0,17.96,1.232,11.5,HL_06,Fall
028_404080,18HU14030_028,HUD2014030,28,2014,9,21,42.834,-61.7323,HL_06,39,0.44003,0,0.128,1.04,HL_06,Fall
028_404081,18HU14030_028,HUD2014030,28,2014,9,21,42.834,-61.7323,HL_06,31,0.26716,0,0.053,0.68,HL_06,Fall
028_404083,18HU14030_028,HUD2014030,28,2014,9,21,42.834,-61.7323,HL_06,20,0.22787,0,0.041,0.62,HL_06,Fall
028_404084,18HU14030_028,HUD2014030,28,2014,9,21,42.834,-61.7323,HL_06,10,0.24359,0,0.039,0.84,HL_06,Fall
028_404087,18HU14030_028,HUD2014030,28,2014,9,21,42.834,-61.7323,HL_06,3,0.2318,0,0.031,0.7,HL_06,Fall
028_404079,18HU14030_028,HUD2014030,28,2014,9,21,42.834,-61.7323,HL_06,50,0.51861,0.86,0.328,1.94,HL_06,Fall
028_404078,18HU14030_028,HUD2014030,28,2014,9,21,42.834,-61.7323,HL_06,61,0.14145,4.18,0.55,3.13,HL_06,Fall
028_404077,18HU14030_028,HUD2014030,28,2014,9,21,42.834,-61.7323,HL_06,80,0.05528,7.32,0.673,4.36,HL_06,Fall
028_404075,18HU14030_028,HUD2014030,28,2014,9,21,42.834,-61.7323,HL_06,100,0.02276,9.06,0.731,4.96,HL_06,Fall
028_404074,18HU14030_028,HUD2014030,28,2014,9,21,42.834,-61.7323,HL_06,149,0,14.82,0.995,7.26,HL_06,Fall
028_404071,18HU14030_028,HUD2014030,28,2014,9,21,42.834,-61.7323,HL_06,501,0,19.76,1.347,12.78,HL_06,Fall
028_404073,18HU14030_028,HUD2014030,28,2014,9,21,42.834,-61.7323,HL_06,251,0,24.04,1.59,14.66,HL_06,Fall
028_404069,18HU14030_028,HUD2014030,28,2014,9,21,42.834,-61.7323,HL_06,1090,0,17.57,1.194,11.88,HL_06,Fall
153_430251,18HU15030_153,HUD2015030,153,2015,10,3,42.81828,-61.74478,HL_06,49,0.40782,4.93,0.4815,3.125,HL_06,Fall
153_430250,18HU15030_153,HUD2015030,153,2015,10,3,42.8184,-61.74462,HL_06,60,0.19105,7.765,0.554,3.45,HL_06,Fall
153_430256,18HU15030_153,HUD2015030,153,2015,10,3,42.8177,-61.74566,HL_06,3,0.18946,0,0.0825,0.575,HL_06,Fall
153_430242,18HU15030_153,HUD2015030,153,2015,10,3,42.82034,-61.7404,HL_06,1147,0,16.85,1.1765,11.655,HL_06,Fall
153_430243,18HU15030_153,HUD2015030,153,2015,10,3,42.81996,-61.74064,HL_06,898,0,15.905,1.145,10.28,HL_06,Fall
153_430244,18HU15030_153,HUD2015030,153,2015,10,3,42.82004,-61.74106,HL_06,750,0,17.295,1.204,11.07,HL_06,Fall
153_430245,18HU15030_153,HUD2015030,153,2015,10,3,42.81972,-61.74202,HL_06,500,0,20.34,1.4085,13.185,HL_06,Fall
153_430246,18HU15030_153,HUD2015030,153,2015,10,3,42.81917,-61.74314,HL_06,251,0,19.615,1.3105,10.395,HL_06,Fall
153_430248,18HU15030_153,HUD2015030,153,2015,10,3,42.8187,-61.74418,HL_06,100,0.02388,11.335,0.736,4.475,HL_06,Fall
153_430249,18HU15030_153,HUD2015030,153,2015,10,3,42.81855,-61.74446,HL_06,80,0.04299,10.11,0.6835,4.17,HL_06,Fall
153_430247,18HU15030_153,HUD2015030,153,2015,10,3,42.81893,-61.74371,HL_06,151,0,13.67,0.8995,5.775,HL_06,Fall
153_430255,18HU15030_153,HUD2015030,153,2015,10,3,42.81782,-61.74544,HL_06,10,0.19583,0,0.07,0.395,HL_06,Fall
153_430254,18HU15030_153,HUD2015030,153,2015,10,3,42.81794,-61.74526,HL_06,21,0.18628,0,0.0705,0.405,HL_06,Fall
153_430253,18HU15030_153,HUD2015030,153,2015,10,3,42.81806,-61.7451,HL_06,30,0.53863,0,0.2185,1.13,HL_06,Fall
153_430252,18HU15030_153,HUD2015030,153,2015,10,3,42.81818,-61.74492,HL_06,40,2.30887,1.25,0.394,2.64,HL_06,Fall
034_438140,18HU16027_034,HUD2016027,34,2016,9,17,42.8346,-61.73332,HL_06,1091,0,17.44,1.15133,10.47667,HL_06,Fall
034_438154,18HU16027_034,HUD2016027,34,2016,9,17,42.83645,-61.7346,HL_06,41,0.29239,0,0.08333,1.96667,HL_06,Fall
034_438160,18HU16027_034,HUD2016027,34,2016,9,17,42.83644,-61.73492,HL_06,2,0.11144,0,0.07567,1.66667,HL_06,Fall
034_438159,18HU16027_034,HUD2016027,34,2016,9,17,42.83642,-61.73484,HL_06,11,0.12259,0,0.05733,1.62,HL_06,Fall
034_438156,18HU16027_034,HUD2016027,34,2016,9,17,42.83646,-61.73474,HL_06,21,0.14488,0,0.055,1.67,HL_06,Fall
034_438155,18HU16027_034,HUD2016027,34,2016,9,17,42.83646,-61.73468,HL_06,30,0.2193,0,0.03633,1.67333,HL_06,Fall
034_438151,18HU16027_034,HUD2016027,34,2016,9,17,42.83636,-61.73442,HL_06,50,0.45399,1.81667,0.305,3.38667,HL_06,Fall
034_438150,18HU16027_034,HUD2016027,34,2016,9,17,42.8363,-61.73432,HL_06,60,0.33087,5.00667,0.56833,4.90667,HL_06,Fall
034_438148,18HU16027_034,HUD2016027,34,2016,9,17,42.83616,-61.73416,HL_06,80,0.15125,8.61667,0.66933,5.68667,HL_06,Fall
034_438147,18HU16027_034,HUD2016027,34,2016,9,17,42.83602,-61.73408,HL_06,100,0.02069,12.61667,0.921,7.34333,HL_06,Fall
034_438145,18HU16027_034,HUD2016027,34,2016,9,17,42.83538,-61.73391,HL_06,251,0,21.56333,1.368,10.61333,HL_06,Fall
034_438146,18HU16027_034,HUD2016027,34,2016,9,17,42.83582,-61.734,HL_06,150,0,14.08,0.922,6.71667,HL_06,Fall
034_438143,18HU16027_034,HUD2016027,34,2016,9,17,42.83456,-61.73442,HL_06,750,0,16.44,1.12833,9.8,HL_06,Fall
034_438141,18HU16027_034,HUD2016027,34,2016,9,17,42.83464,-61.73358,HL_06,1001,0,17.59,1.15367,10.42,HL_06,Fall
034_438142,18HU16027_034,HUD2016027,34,2016,9,17,42.83462,-61.7339,HL_06,900,0,17.21333,1.15967,10.20667,HL_06,Fall
034_438144,18HU16027_034,HUD2016027,34,2016,9,17,42.83462,-61.73388,HL_06,500,0,14.01667,0.91367,6.72,HL_06,Fall
117_449464,18HU18030_117,HUD2018030,117,2018,9,24,42.83174,-61.73364,HL_06,61,0.14333,5.015,0.429,2.86,HL_06,Fall
117_449453,18HU18030_117,HUD2018030,117,2018,9,24,42.8316,-61.73358,HL_06,1103,0,18.225,1.0945,11.5,HL_06,Fall
117_449474,18HU18030_117,HUD2018030,117,2018,9,24,42.83174,-61.73328,HL_06,3,0.2332,0.055,0.024,0.155,HL_06,Fall
117_449473,18HU18030_117,HUD2018030,117,2018,9,24,42.83166,-61.73318,HL_06,10,0.24217,0.05,0.026,0.16,HL_06,Fall
117_449470,18HU18030_117,HUD2018030,117,2018,9,24,42.83167,-61.73326,HL_06,20,0.45295,0.055,0.0535,0.47,HL_06,Fall
117_449469,18HU18030_117,HUD2018030,117,2018,9,24,42.83171,-61.73335,HL_06,31,1.35101,0.55,0.211,1.67,HL_06,Fall
117_449468,18HU18030_117,HUD2018030,117,2018,9,24,42.83174,-61.73346,HL_06,41,0.41707,3.07,0.4265,2.84,HL_06,Fall
117_449465,18HU18030_117,HUD2018030,117,2018,9,24,42.83176,-61.7336,HL_06,50,0.20368,4.105,0.4665,3.09,HL_06,Fall
117_449461,18HU18030_117,HUD2018030,117,2018,9,24,42.8317,-61.73345,HL_06,81,0.06601,8.575,0.549,3.35,HL_06,Fall
117_449460,18HU18030_117,HUD2018030,117,2018,9,24,42.83174,-61.73332,HL_06,101,0.04903,10.965,0.633,3.985,HL_06,Fall
117_449459,18HU18030_117,HUD2018030,117,2018,9,24,42.83182,-61.73324,HL_06,150,0,13.41,0.7305,4.67,HL_06,Fall
117_449458,18HU18030_117,HUD2018030,117,2018,9,24,42.83182,-61.73322,HL_06,250,0,21.29,1.2205,9.9,HL_06,Fall
117_449454,18HU18030_117,HUD2018030,117,2018,9,24,42.83164,-61.73334,HL_06,1000,0,18.26,1.112,11.5,HL_06,Fall
117_449456,18HU18030_117,HUD2018030,117,2018,9,24,42.83168,-61.73323,HL_06,751,0,18.7,1.137,11.25,HL_06,Fall
117_449455,18HU18030_117,HUD2018030,117,2018,9,24,42.83178,-61.73317,HL_06,902,0,18.355,1.113,11.56,HL_06,Fall
117_449457,18HU18030_117,HUD2018030,117,2018,9,24,42.83169,-61.73342,HL_06,501,0,21.79,1.318,13.025,HL_06,Fall
100_440774,18OL17001_100,COR2017001,100,2017,4,26,44.12612,-58.17176,LL_07,80,0.10179,7.42,0.669,4.185,LL_07,Spring
100_440773,18OL17001_100,COR2017001,100,2017,4,26,44.12612,-58.17224,LL_07,100,0.03448,7.95,0.724,4.98,LL_07,Spring
100_440770,18OL17001_100,COR2017001,100,2017,4,26,44.12592,-58.17286,LL_07,251,0,23.04,1.4795,13.055,LL_07,Spring
100_440769,18OL17001_100,COR2017001,100,2017,4,26,44.12548,-58.17332,LL_07,501,0,18.22,1.354,13.31,LL_07,Spring
100_440768,18OL17001_100,COR2017001,100,2017,4,26,44.1255,-58.17346,LL_07,829,0,17.19,1.163,11.535,LL_07,Spring
100_440777,18OL17001_100,COR2017001,100,2017,4,26,44.12622,-58.17142,LL_07,60,0.31743,4.945,0.5535,2.99,LL_07,Spring
2003005050_261663,18HU03005_2003005050,HUD2003005,50,2003,4,16,44.13083,-58.16716,LL7,30,10.863,2.475,0.612,2.3,LL_07,Spring
2003005050_261664,18HU03005_2003005050,HUD2003005,50,2003,4,16,44.13083,-58.16716,LL7,20,11.63,0.434,0.437,0.848,LL_07,Spring
2003005050_261661,18HU03005_2003005050,HUD2003005,50,2003,4,16,44.13083,-58.16716,LL7,50,2.811,5.265,0.727,4.923,LL_07,Spring
2003005050_261665,18HU03005_2003005050,HUD2003005,50,2003,4,16,44.13083,-58.16716,LL7,10,10.727,0.514,0.483,1.047,LL_07,Spring
2003005050_261654,18HU03005_2003005050,HUD2003005,50,2003,4,16,44.13083,-58.16716,LL7,924,0,17.695,1.175,11.563,LL_07,Spring
2003005050_261662,18HU03005_2003005050,HUD2003005,50,2003,4,16,44.13083,-58.16716,LL7,40,4.792,5.744,0.793,5.36,LL_07,Spring
2003005050_261660,18HU03005_2003005050,HUD2003005,50,2003,4,16,44.13083,-58.16716,LL7,60,1.508,7.187,0.852,6.632,LL_07,Spring
2003005050_261659,18HU03005_2003005050,HUD2003005,50,2003,4,16,44.13083,-58.16716,LL7,80,1.303,7.205,0.84,6.71,LL_07,Spring
2003005050_261658,18HU03005_2003005050,HUD2003005,50,2003,4,16,44.13083,-58.16716,LL7,100,0.743,8.407,0.874,7.664,LL_07,Spring
2003005050_261657,18HU03005_2003005050,HUD2003005,50,2003,4,16,44.13083,-58.16716,LL7,250,0,18.52,1.274,12.515,LL_07,Spring
2003005050_261656,18HU03005_2003005050,HUD2003005,50,2003,4,16,44.13083,-58.16716,LL7,500,0,17.237,1.181,11.827,LL_07,Spring
2003005050_261655,18HU03005_2003005050,HUD2003005,50,2003,4,16,44.13083,-58.16716,LL7,750,0,18.209,1.174,11.699,LL_07,Spring
2003005050_261666,18HU03005_2003005050,HUD2003005,50,2003,4,16,44.13083,-58.16716,LL7,5,14.679,0.452,0.458,1.012,LL_07,Spring
2006008067_296860,18HU06008_2006008067,HUD2006008,67,2006,4,26,44.12766,-58.18133,LL7,20,8.709,0.097,0.363,0.709,LL_07,Spring
2006008067_296862,18HU06008_2006008067,HUD2006008,67,2006,4,26,44.12766,-58.18133,LL7,4,7.897,0.056,0.356,0.518,LL_07,Spring
2006008067_296861,18HU06008_2006008067,HUD2006008,67,2006,4,26,44.12766,-58.18133,LL7,10,8.266,0.081,0.381,0.602,LL_07,Spring
2006008067_296859,18HU06008_2006008067,HUD2006008,67,2006,4,26,44.12766,-58.18133,LL7,30,7.749,1.105,0.499,1.045,LL_07,Spring
2006008067_296858,18HU06008_2006008067,HUD2006008,67,2006,4,26,44.12766,-58.18133,LL7,40,5.092,1.855,0.543,1.602,LL_07,Spring
2006008067_296857,18HU06008_2006008067,HUD2006008,67,2006,4,26,44.12766,-58.18133,LL7,50,3.543,4.231,0.681,3.273,LL_07,Spring
2006008067_296855,18HU06008_2006008067,HUD2006008,67,2006,4,26,44.12766,-58.18133,LL7,80,0.416,8.672,0.888,6.939,LL_07,Spring
2006008067_296852,18HU06008_2006008067,HUD2006008,67,2006,4,26,44.12766,-58.18133,LL7,499,0,18.458,1.176,11.554,LL_07,Spring
2006008067_296854,18HU06008_2006008067,HUD2006008,67,2006,4,26,44.12766,-58.18133,LL7,99,0.269,11.715,0.987,8.499,LL_07,Spring
2006008067_296851,18HU06008_2006008067,HUD2006008,67,2006,4,26,44.12766,-58.18133,LL7,729,0,16.157,1.072,9.834,LL_07,Spring
2006008067_296853,18HU06008_2006008067,HUD2006008,67,2006,4,26,44.12766,-58.18133,LL7,250,0,20.68,1.317,12.59,LL_07,Spring
2006008067_296856,18HU06008_2006008067,HUD2006008,67,2006,4,26,44.12766,-58.18133,LL7,60,1.028,6.191,0.777,5.556,LL_07,Spring
2007001079_305802,18HU07001_2007001079,HUD2007001,79,2007,4,13,44.11666,-58.16683,LL7,30,1.949,3.038,0.633,2.913,LL_07,Spring
2007001079_305798,18HU07001_2007001079,HUD2007001,79,2007,4,13,44.11666,-58.16683,LL7,81,1.448,3.276,0.607,3.442,LL_07,Spring
2007001079_305797,18HU07001_2007001079,HUD2007001,79,2007,4,13,44.11666,-58.16683,LL7,101,1.431,3.93,0.611,3.974,LL_07,Spring
2007001079_305796,18HU07001_2007001079,HUD2007001,79,2007,4,13,44.11666,-58.16683,LL7,252,0,18.212,1.205,11.196,LL_07,Spring
2007001079_305795,18HU07001_2007001079,HUD2007001,79,2007,4,13,44.11666,-58.16683,LL7,501,0,17.864,1.159,11.844,LL_07,Spring
2007001079_305794,18HU07001_2007001079,HUD2007001,79,2007,4,13,44.11666,-58.16683,LL7,636,0,16.522,1.088,10.835,LL_07,Spring
2007001079_305799,18HU07001_2007001079,HUD2007001,79,2007,4,13,44.11666,-58.16683,LL7,61,1.502,4.05,0.657,4.12,LL_07,Spring
2007001079_305801,18HU07001_2007001079,HUD2007001,79,2007,4,13,44.11666,-58.16683,LL7,40,5.528,4.327,0.7,4.408,LL_07,Spring
2007001079_305804,18HU07001_2007001079,HUD2007001,79,2007,4,13,44.11666,-58.16683,LL7,11,10.354,0.225,0.4,0.611,LL_07,Spring
2007001079_305805,18HU07001_2007001079,HUD2007001,79,2007,4,13,44.11666,-58.16683,LL7,2,8.486,0.237,0.394,0.645,LL_07,Spring
2007001079_305803,18HU07001_2007001079,HUD2007001,79,2007,4,13,44.11666,-58.16683,LL7,20,11.444,0.701,0.445,0.969,LL_07,Spring
2007001079_305800,18HU07001_2007001079,HUD2007001,79,2007,4,13,44.11666,-58.16683,LL7,50,1.198,5.251,0.742,5.225,LL_07,Spring
2008004085_329336,18HU08004_2008004085,HUD2008004,85,2008,4,23,44.1297,-58.1827,LL7,101,0.228,8.523,1.038,8.643,LL_07,Spring
2008004085_329341,18HU08004_2008004085,HUD2008004,85,2008,4,23,44.1297,-58.1827,LL7,30,8.019,3.985,0.799,7.31,LL_07,Spring
2008004085_329334,18HU08004_2008004085,HUD2008004,85,2008,4,23,44.1297,-58.1827,LL7,501,0,19.406,1.413,12.366,LL_07,Spring
2008004085_329333,18HU08004_2008004085,HUD2008004,85,2008,4,23,44.1297,-58.1827,LL7,642,0,19.38,1.343,13.39,LL_07,Spring
2008004085_329344,18HU08004_2008004085,HUD2008004,85,2008,4,23,44.1297,-58.1827,LL7,2,4.827,0.838,0.512,1.747,LL_07,Spring
2008004085_329342,18HU08004_2008004085,HUD2008004,85,2008,4,23,44.1297,-58.1827,LL7,19,2.515,2.988,0.735,3.593,LL_07,Spring
2008004085_329340,18HU08004_2008004085,HUD2008004,85,2008,4,23,44.1297,-58.1827,LL7,41,5.294,3.991,0.818,4.792,LL_07,Spring
2008004085_329339,18HU08004_2008004085,HUD2008004,85,2008,4,23,44.1297,-58.1827,LL7,50,0.852,4.153,0.807,4.339,LL_07,Spring
2008004085_329338,18HU08004_2008004085,HUD2008004,85,2008,4,23,44.1297,-58.1827,LL7,60,0.554,4.428,0.824,4.787,LL_07,Spring
2008004085_329337,18HU08004_2008004085,HUD2008004,85,2008,4,23,44.1297,-58.1827,LL7,80,0.353,6.167,0.928,6.452,LL_07,Spring
2008004085_329335,18HU08004_2008004085,HUD2008004,85,2008,4,23,44.1297,-58.1827,LL7,250,0,17.22,1.278,10.863,LL_07,Spring
2008004085_329343,18HU08004_2008004085,HUD2008004,85,2008,4,23,44.1297,-58.1827,LL7,10,5.372,1.115,0.539,2.113,LL_07,Spring
2009005142_338478,18HU09005_2009005142,HUD2009005,142,2009,4,26,44.1243,-58.1882,LL7,50,2.386,3.66,0.929,2.152,LL_07,Spring
2009005142_338472,18HU09005_2009005142,HUD2009005,142,2009,4,26,44.1243,-58.1882,LL7,615,0,18.324,1.502,11.301,LL_07,Spring
2009005142_338483,18HU09005_2009005142,HUD2009005,142,2009,4,26,44.1243,-58.1882,LL7,4,0.712,0.702,0.519,0.136,LL_07,Spring
2009005142_338482,18HU09005_2009005142,HUD2009005,142,2009,4,26,44.1243,-58.1882,LL7,11,0.607,0.695,0.51,0.129,LL_07,Spring
2009005142_338481,18HU09005_2009005142,HUD2009005,142,2009,4,26,44.1243,-58.1882,LL7,20,0.72,0.694,0.491,0.123,LL_07,Spring
2009005142_338479,18HU09005_2009005142,HUD2009005,142,2009,4,26,44.1243,-58.1882,LL7,40,4.437,2.829,0.88,1.167,LL_07,Spring
2009005142_338473,18HU09005_2009005142,HUD2009005,142,2009,4,26,44.1243,-58.1882,LL7,501,0,19.399,1.605,12.709,LL_07,Spring
2009005142_338474,18HU09005_2009005142,HUD2009005,142,2009,4,26,44.1243,-58.1882,LL7,251,0,18.268,1.505,11.313,LL_07,Spring
2009005142_338475,18HU09005_2009005142,HUD2009005,142,2009,4,26,44.1243,-58.1882,LL7,102,0.252,5.488,0.986,5.23,LL_07,Spring
2009005142_338477,18HU09005_2009005142,HUD2009005,142,2009,4,26,44.1243,-58.1882,LL7,61,1.019,3.663,0.907,2.693,LL_07,Spring
2009005142_338476,18HU09005_2009005142,HUD2009005,142,2009,4,26,44.1243,-58.1882,LL7,80,0.348,4.692,0.896,4.084,LL_07,Spring
2009005142_338480,18HU09005_2009005142,HUD2009005,142,2009,4,26,44.1243,-58.1882,LL7,30,1.81,0.835,0.574,0.327,LL_07,Spring
2011004130_373393,18HU11004_2011004130,HUD2011004,130,2011,4,17,44.1157,-58.2033,LL7,3,12.368,0.591,0.455,0.773,LL_07,Spring
2011004130_373387,18HU11004_2011004130,HUD2011004,130,2011,4,17,44.1157,-58.2033,LL7,60,6.951,2.635,0.608,2.338,LL_07,Spring
2011004130_373392,18HU11004_2011004130,HUD2011004,130,2011,4,17,44.1157,-58.2033,LL7,11,12.522,0.555,0.433,0.742,LL_07,Spring
2011004130_373391,18HU11004_2011004130,HUD2011004,130,2011,4,17,44.1157,-58.2033,LL7,20,12.059,0.687,0.446,0.881,LL_07,Spring
2011004130_373390,18HU11004_2011004130,HUD2011004,130,2011,4,17,44.1157,-58.2033,LL7,30,10.667,1.533,0.546,1.279,LL_07,Spring
2011004130_373383,18HU11004_2011004130,HUD2011004,130,2011,4,17,44.1157,-58.2033,LL7,500,0,18.778,1.304,12.125,LL_07,Spring
2011004130_373388,18HU11004_2011004130,HUD2011004,130,2011,4,17,44.1157,-58.2033,LL7,50,8.039,1.92,0.586,1.722,LL_07,Spring
2011004130_373386,18HU11004_2011004130,HUD2011004,130,2011,4,17,44.1157,-58.2033,LL7,81,3.282,4.038,0.701,4.078,LL_07,Spring
2011004130_373385,18HU11004_2011004130,HUD2011004,130,2011,4,17,44.1157,-58.2033,LL7,100,8.967,0.876,0.485,0.968,LL_07,Spring
2011004130_373384,18HU11004_2011004130,HUD2011004,130,2011,4,17,44.1157,-58.2033,LL7,250,0,21.572,1.47,12.885,LL_07,Spring
2011004130_373382,18HU11004_2011004130,HUD2011004,130,2011,4,17,44.1157,-58.2033,LL7,857,0,13.79,1.064,8.86,LL_07,Spring
2011004130_373389,18HU11004_2011004130,HUD2011004,130,2011,4,17,44.1157,-58.2033,LL7,41,10.049,1.639,0.557,1.452,LL_07,Spring
205_390427,18HU13004_205,HUD2013004,205,2013,4,23,44.1252,-58.1823,LL_07,30,2.7973,3.01,0.6075,3.175,LL_07,Spring
205_390419,18HU13004_205,HUD2013004,205,2013,4,23,44.1252,-58.1823,LL_07,700,0,16.485,1.163,10.155,LL_07,Spring
205_390420,18HU13004_205,HUD2013004,205,2013,4,23,44.1252,-58.1823,LL_07,500,0,19.8,1.35,12.755,LL_07,Spring
205_390421,18HU13004_205,HUD2013004,205,2013,4,23,44.1252,-58.1823,LL_07,251,0,18.285,1.234,10.365,LL_07,Spring
205_390422,18HU13004_205,HUD2013004,205,2013,4,23,44.1252,-58.1823,LL_07,100,0.2024,4.735,0.693,4.915,LL_07,Spring
205_390423,18HU13004_205,HUD2013004,205,2013,4,23,44.1252,-58.1823,LL_07,80,0.2395,4.455,0.666,4.655,LL_07,Spring
205_390424,18HU13004_205,HUD2013004,205,2013,4,23,44.1252,-58.1823,LL_07,60,0.3306,3.59,0.6225,3.755,LL_07,Spring
205_390430,18HU13004_205,HUD2013004,205,2013,4,23,44.1252,-58.1823,LL_07,4,7.1658,1.17,0.489,1.89,LL_07,Spring
205_390426,18HU13004_205,HUD2013004,205,2013,4,23,44.1252,-58.1823,LL_07,40,1.0727,3.735,0.6365,4.04,LL_07,Spring
205_390428,18HU13004_205,HUD2013004,205,2013,4,23,44.1252,-58.1823,LL_07,20,6.8209,1.26,0.473,1.775,LL_07,Spring
205_390429,18HU13004_205,HUD2013004,205,2013,4,23,44.1252,-58.1823,LL_07,10,6.9742,1.09,0.492,1.89,LL_07,Spring
205_390425,18HU13004_205,HUD2013004,205,2013,4,23,44.1252,-58.1823,LL_07,50,0.5026,4.09,0.624,4.135,LL_07,Spring
153_396541,18HU14004_153,HUD2014004,153,2014,4,18,44.13124,-58.17476,LL_07,102,0.49693,4.325,0.5045,3.005,LL_07,Spring
153_396538,18HU14004_153,HUD2014004,153,2014,4,18,44.1316,-58.17514,LL_07,501,0,20.165,1.1965,12.77,LL_07,Spring
153_396542,18HU14004_153,HUD2014004,153,2014,4,18,44.13121,-58.17476,LL_07,80,0.64423,3.135,0.437,2.27,LL_07,Spring
153_396544,18HU14004_153,HUD2014004,153,2014,4,18,44.13106,-58.17464,LL_07,60,1.42651,2.835,0.4255,2.085,LL_07,Spring
153_396545,18HU14004_153,HUD2014004,153,2014,4,18,44.13092,-58.17443,LL_07,50,1.54922,2.435,0.407,1.575,LL_07,Spring
153_396546,18HU14004_153,HUD2014004,153,2014,4,18,44.13088,-58.17428,LL_07,40,3.39584,2.675,0.405,1.545,LL_07,Spring
153_396547,18HU14004_153,HUD2014004,153,2014,4,18,44.13093,-58.17443,LL_07,30,5.43334,0,0.3685,0.585,LL_07,Spring
153_396548,18HU14004_153,HUD2014004,153,2014,4,18,44.13101,-58.17463,LL_07,20,5.68803,0,0.2775,0.545,LL_07,Spring
153_396550,18HU14004_153,HUD2014004,153,2014,4,18,44.13104,-58.17468,LL_07,9,5.68803,0,0.3105,0.455,LL_07,Spring
153_396551,18HU14004_153,HUD2014004,153,2014,4,18,44.13096,-58.1746,LL_07,4,5.39089,0.355,0.3425,0.48,LL_07,Spring
153_396537,18HU14004_153,HUD2014004,153,2014,4,18,44.13188,-58.17526,LL_07,767,0,18.61,1.105,11.425,LL_07,Spring
153_396539,18HU14004_153,HUD2014004,153,2014,4,18,44.1314,-58.17518,LL_07,250,0,21.015,1.282,12.935,LL_07,Spring
096_406705,18HU15004_096,HUD2015004,96,2015,4,24,44.13002,-58.18145,LL_07,31,1.50226,1.26,0.3155,0.58,LL_07,Spring
096_406696,18HU15004_096,HUD2015004,96,2015,4,24,44.1314,-58.17887,LL_07,706,0,17.01,1.1625,10.965,LL_07,Spring
096_406698,18HU15004_096,HUD2015004,96,2015,4,24,44.13064,-58.17972,LL_07,250,0,21.35,1.35,12.22,LL_07,Spring
096_406699,18HU15004_096,HUD2015004,96,2015,4,24,44.13062,-58.18032,LL_07,151,0,17.17,1.0875,8.785,LL_07,Spring
096_406700,18HU15004_096,HUD2015004,96,2015,4,24,44.13051,-58.18067,LL_07,100,0.07966,14.67,0.9305,7.175,LL_07,Spring
096_406701,18HU15004_096,HUD2015004,96,2015,4,24,44.13048,-58.18082,LL_07,81,0.0504,12.3,0.8125,5.42,LL_07,Spring
096_406702,18HU15004_096,HUD2015004,96,2015,4,24,44.1303,-58.18097,LL_07,60,0.09267,9.615,0.71,3.79,LL_07,Spring
096_406703,18HU15004_096,HUD2015004,96,2015,4,24,44.13023,-58.18112,LL_07,51,0.1493,6.85,0.636,2.63,LL_07,Spring
096_406708,18HU15004_096,HUD2015004,96,2015,4,24,44.1297,-58.18182,LL_07,1,2.09991,0.83,0.2955,0.49,LL_07,Spring
096_406704,18HU15004_096,HUD2015004,96,2015,4,24,44.13018,-58.1812,LL_07,40,0.36931,4.445,0.509,1.585,LL_07,Spring
096_406706,18HU15004_096,HUD2015004,96,2015,4,24,44.12994,-58.18162,LL_07,19,2.15858,0.92,0.323,0.49,LL_07,Spring
096_406697,18HU15004_096,HUD2015004,96,2015,4,24,44.131,-58.1792,LL_07,500,0,20.355,1.239,12.61,LL_07,Spring
096_406707,18HU15004_096,HUD2015004,96,2015,4,24,44.12979,-58.18169,LL_07,10,2.02622,0.87,0.296,0.505,LL_07,Spring
109_431611,18HU16003_109,HUD2016003,109,2016,4,23,44.1296,-58.17264,LL_07,79,0.19742,10.06667,0.81533,5.35667,LL_07,Spring
109_431618,18HU16003_109,HUD2016003,109,2016,4,23,44.1285,-58.1733,LL_07,20,1.55678,1.205,0.3855,0.45,LL_07,Spring
109_431617,18HU16003_109,HUD2016003,109,2016,4,23,44.12858,-58.17306,LL_07,30,1.47109,0.92,0.40433,0.41667,LL_07,Spring
109_431616,18HU16003_109,HUD2016003,109,2016,4,23,44.12864,-58.17294,LL_07,41,1.67104,0.41,0.41533,0.42333,LL_07,Spring
109_431615,18HU16003_109,HUD2016003,109,2016,4,23,44.12882,-58.1729,LL_07,51,1.55678,1.08667,0.46467,0.76,LL_07,Spring
109_431614,18HU16003_109,HUD2016003,109,2016,4,23,44.12908,-58.17268,LL_07,60,0.33472,4.01333,0.62933,2.38333,LL_07,Spring
109_431610,18HU16003_109,HUD2016003,109,2016,4,23,44.12966,-58.1723,LL_07,98,0.14807,12.77,0.89767,6.42667,LL_07,Spring
109_431607,18HU16003_109,HUD2016003,109,2016,4,23,44.1295,-58.17165,LL_07,250,0,24.48333,1.46033,14.08333,LL_07,Spring
109_431606,18HU16003_109,HUD2016003,109,2016,4,23,44.12994,-58.1712,LL_07,499,0,21.61,1.42167,13.85,LL_07,Spring
109_431622,18HU16003_109,HUD2016003,109,2016,4,23,44.12846,-58.17334,LL_07,4,1.58535,1.255,0.3685,0.565,LL_07,Spring
109_431605,18HU16003_109,HUD2016003,109,2016,4,23,44.13038,-58.17071,LL_07,865,0,18.02,1.20067,11.30333,LL_07,Spring
109_431621,18HU16003_109,HUD2016003,109,2016,4,23,44.12848,-58.17318,LL_07,10,1.65676,1.21,0.377,0.46,LL_07,Spring
2005004056_282094,18NE05004_2005004056,NED2005004,56,2005,4,6,44.11716,-58.17566,LL7,10,10.927,0.117,0.416,0.734,LL_07,Spring
2005004056_282093,18NE05004_2005004056,NED2005004,56,2005,4,6,44.11716,-58.17566,LL7,20,2.748,3.456,0.606,3.345,LL_07,Spring
2005004056_282095,18NE05004_2005004056,NED2005004,56,2005,4,6,44.11716,-58.17566,LL7,2,10.671,0.013,0.358,0.468,LL_07,Spring
2005004056_282092,18NE05004_2005004056,NED2005004,56,2005,4,6,44.11716,-58.17566,LL7,29,2.875,2.356,0.537,2.331,LL_07,Spring
2005004056_282091,18NE05004_2005004056,NED2005004,56,2005,4,6,44.11716,-58.17566,LL7,40,2.699,2.419,0.509,2.32,LL_07,Spring
2005004056_282090,18NE05004_2005004056,NED2005004,56,2005,4,6,44.11716,-58.17566,LL7,51,2.476,2.128,0.478,1.658,LL_07,Spring
2005004056_282088,18NE05004_2005004056,NED2005004,56,2005,4,6,44.11716,-58.17566,LL7,80,1.005,4.623,0.606,3.457,LL_07,Spring
2005004056_282086,18NE05004_2005004056,NED2005004,56,2005,4,6,44.11716,-58.17566,LL7,251,0,16.444,1.157,10.861,LL_07,Spring
2005004056_282089,18NE05004_2005004056,NED2005004,56,2005,4,6,44.11716,-58.17566,LL7,60,1.861,2.1,0.467,1.798,LL_07,Spring
2005004056_282087,18NE05004_2005004056,NED2005004,56,2005,4,6,44.11716,-58.17566,LL7,100,0.167,9.813,0.902,8.054,LL_07,Spring
2005004056_282085,18NE05004_2005004056,NED2005004,56,2005,4,6,44.11716,-58.17566,LL7,500,0,16.869,1.131,10.848,LL_07,Spring
2000002122_228467,18PZ00002_2000002122,PAR2000002,122,2000,4,17,44.1335,-58.1755,LL7,10,10.318,0,0.571,1.206,LL_07,Spring
2000002122_228464,18PZ00002_2000002122,PAR2000002,122,2000,4,17,44.1335,-58.1755,LL7,30,1.841,3.089,0.726,3.917,LL_07,Spring
2000002122_228454,18PZ00002_2000002122,PAR2000002,122,2000,4,17,44.1335,-58.1755,LL7,750,0,15.04,1.211,9.442,LL_07,Spring
2000002122_228455,18PZ00002_2000002122,PAR2000002,122,2000,4,17,44.1335,-58.1755,LL7,500,0,16.135,1.217,10.619,LL_07,Spring
2000002122_228456,18PZ00002_2000002122,PAR2000002,122,2000,4,17,44.1335,-58.1755,LL7,250,0,18.674,1.443,13.538,LL_07,Spring
2000002122_228457,18PZ00002_2000002122,PAR2000002,122,2000,4,17,44.1335,-58.1755,LL7,100,0.06,9.174,1.018,6.848,LL_07,Spring
2000002122_228458,18PZ00002_2000002122,PAR2000002,122,2000,4,17,44.1335,-58.1755,LL7,80,0.11,6.808,1.039,7.436,LL_07,Spring
2000002122_228459,18PZ00002_2000002122,PAR2000002,122,2000,4,17,44.1335,-58.1755,LL7,70,0.12,6.703,1.015,7.156,LL_07,Spring
2000002122_228460,18PZ00002_2000002122,PAR2000002,122,2000,4,17,44.1335,-58.1755,LL7,60,0.14,6.589,1.008,7.055,LL_07,Spring
2000002122_228471,18PZ00002_2000002122,PAR2000002,122,2000,4,17,44.1335,-58.1755,LL7,1,8.91,0.071,0.567,1.348,LL_07,Spring
2000002122_228462,18PZ00002_2000002122,PAR2000002,122,2000,4,17,44.1335,-58.1755,LL7,40,0.54,4.343,0.954,5.426,LL_07,Spring
2000002122_228466,18PZ00002_2000002122,PAR2000002,122,2000,4,17,44.1335,-58.1755,LL7,10,9.49,0.017,0.525,1.219,LL_07,Spring
2000002122_228465,18PZ00002_2000002122,PAR2000002,122,2000,4,17,44.1335,-58.1755,LL7,20,9.34,0.158,0.602,1.462,LL_07,Spring
2000002122_228463,18PZ00002_2000002122,PAR2000002,122,2000,4,17,44.1335,-58.1755,LL7,30,1.59,3.593,0.784,4.418,LL_07,Spring
2000002122_228461,18PZ00002_2000002122,PAR2000002,122,2000,4,17,44.1335,-58.1755,LL7,50,0.27,4.514,0.857,5.424,LL_07,Spring
2000050210_232671,18HU00050_2000050210,HUD2000050,210,2000,10,11,44.125,-58.18283,LL7,500,0,19.163,1.221,12.021,LL_07,Fall
2000050210_232672,18HU00050_2000050210,HUD2000050,210,2000,10,11,44.125,-58.18283,LL7,250,0,20.598,1.295,11.745,LL_07,Fall
2000050210_232673,18HU00050_2000050210,HUD2000050,210,2000,10,11,44.125,-58.18283,LL7,100,0.017,9.765,0.935,7.95,LL_07,Fall
2000050210_232674,18HU00050_2000050210,HUD2000050,210,2000,10,11,44.125,-58.18283,LL7,80,0.019,10.235,1.029,9.213,LL_07,Fall
2000050210_232675,18HU00050_2000050210,HUD2000050,210,2000,10,11,44.125,-58.18283,LL7,60,0.074,6.345,0.819,5.744,LL_07,Fall
2000050210_232676,18HU00050_2000050210,HUD2000050,210,2000,10,11,44.125,-58.18283,LL7,50,0.11,5.319,0.787,5.055,LL_07,Fall
2000050210_232677,18HU00050_2000050210,HUD2000050,210,2000,10,11,44.125,-58.18283,LL7,40,0.214,2.949,0.653,3.416,LL_07,Fall
2000050210_232679,18HU00050_2000050210,HUD2000050,210,2000,10,11,44.125,-58.18283,LL7,30,0.52,0.758,0.545,1.768,LL_07,Fall
2000050210_232678,18HU00050_2000050210,HUD2000050,210,2000,10,11,44.125,-58.18283,LL7,30,0.519,0.604,0.418,1.259,LL_07,Fall
2000050210_232680,18HU00050_2000050210,HUD2000050,210,2000,10,11,44.125,-58.18283,LL7,20,0.777,0.231,0.285,0.502,LL_07,Fall
2000050210_232682,18HU00050_2000050210,HUD2000050,210,2000,10,11,44.125,-58.18283,LL7,10,0.953,0.28,0.285,0.777,LL_07,Fall
2000050210_232670,18HU00050_2000050210,HUD2000050,210,2000,10,11,44.125,-58.18283,LL7,760,0,19.672,1.213,11.796,LL_07,Fall
2000050210_232683,18HU00050_2000050210,HUD2000050,210,2000,10,11,44.125,-58.18283,LL7,1,0.777,0.195,0.269,0.53,LL_07,Fall
2000050210_232681,18HU00050_2000050210,HUD2000050,210,2000,10,11,44.125,-58.18283,LL7,10,0.751,0.195,0.248,0.463,LL_07,Fall
2002064170_259338,18HU02064_2002064170,HUD2002064,170,2002,10,26,44.12966,-58.17666,LL7,20,1.192,0.119,0.306,0.807,LL_07,Fall
2002064170_259328,18HU02064_2002064170,HUD2002064,170,2002,10,26,44.12966,-58.17666,LL7,797,0,17.492,1.127,10.475,LL_07,Fall
2002064170_259341,18HU02064_2002064170,HUD2002064,170,2002,10,26,44.12966,-58.17666,LL7,3,1.072,0.105,0.31,1.055,LL_07,Fall
2002064170_259342,18HU02064_2002064170,HUD2002064,170,2002,10,26,44.12966,-58.17666,LL7,3,1.07,0,0,0,LL_07,Fall
2002064170_259340,18HU02064_2002064170,HUD2002064,170,2002,10,26,44.12966,-58.17666,LL7,10,1.236,0.1,0.341,1.121,LL_07,Fall
2002064170_259339,18HU02064_2002064170,HUD2002064,170,2002,10,26,44.12966,-58.17666,LL7,20,1.19,0,0,0,LL_07,Fall
2002064170_259337,18HU02064_2002064170,HUD2002064,170,2002,10,26,44.12966,-58.17666,LL7,30,0.483,0.231,0.345,0.856,LL_07,Fall
2002064170_259336,18HU02064_2002064170,HUD2002064,170,2002,10,26,44.12966,-58.17666,LL7,40,0.202,2.776,0.617,2.671,LL_07,Fall
2002064170_259335,18HU02064_2002064170,HUD2002064,170,2002,10,26,44.12966,-58.17666,LL7,50,0.132,3.738,0.722,3.336,LL_07,Fall
2002064170_259334,18HU02064_2002064170,HUD2002064,170,2002,10,26,44.12966,-58.17666,LL7,60,0.187,2.847,0.637,2.068,LL_07,Fall
2002064170_259333,18HU02064_2002064170,HUD2002064,170,2002,10,26,44.12966,-58.17666,LL7,80,0.115,5.49,0.833,4.699,LL_07,Fall
2002064170_259332,18HU02064_2002064170,HUD2002064,170,2002,10,26,44.12966,-58.17666,LL7,100,0.049,8.209,0.914,6.156,LL_07,Fall
2002064170_259331,18HU02064_2002064170,HUD2002064,170,2002,10,26,44.12966,-58.17666,LL7,250,0,20.814,1.309,13.057,LL_07,Fall
2002064170_259329,18HU02064_2002064170,HUD2002064,170,2002,10,26,44.12966,-58.17666,LL7,750,0,18.111,1.128,11.097,LL_07,Fall
2002064170_259330,18HU02064_2002064170,HUD2002064,170,2002,10,26,44.12966,-58.17666,LL7,500,0,19.213,1.109,11.767,LL_07,Fall
2004055055_281638,18HU04055_2004055055,HUD2004055,55,2004,10,24,44.1165,-58.19883,LL7,781,0,17.727,1.36,11.621,LL_07,Fall
2004055055_281644,18HU04055_2004055055,HUD2004055,55,2004,10,24,44.1165,-58.19883,LL7,50,0.059,8.017,1.008,6.641,LL_07,Fall
2004055055_281643,18HU04055_2004055055,HUD2004055,55,2004,10,24,44.1165,-58.19883,LL7,60,0.04,8.074,1.044,7.294,LL_07,Fall
2004055055_281642,18HU04055_2004055055,HUD2004055,55,2004,10,24,44.1165,-58.19883,LL7,80,0.026,8.864,1.059,8.399,LL_07,Fall
2004055055_281641,18HU04055_2004055055,HUD2004055,55,2004,10,24,44.1165,-58.19883,LL7,101,0.02,11.225,1.129,9.976,LL_07,Fall
2004055055_281640,18HU04055_2004055055,HUD2004055,55,2004,10,24,44.1165,-58.19883,LL7,251,0,20.646,1.546,16.706,LL_07,Fall
2004055055_281639,18HU04055_2004055055,HUD2004055,55,2004,10,24,44.1165,-58.19883,LL7,500,0,19.024,1.357,12.366,LL_07,Fall
2004055055_281645,18HU04055_2004055055,HUD2004055,55,2004,10,24,44.1165,-58.19883,LL7,41,0.269,4.914,0.816,4.151,LL_07,Fall
2004055055_281646,18HU04055_2004055055,HUD2004055,55,2004,10,24,44.1165,-58.19883,LL7,30,0.603,0.136,0.269,0.922,LL_07,Fall
2004055055_281647,18HU04055_2004055055,HUD2004055,55,2004,10,24,44.1165,-58.19883,LL7,20,0.603,0.074,0.266,0.874,LL_07,Fall
2004055055_281648,18HU04055_2004055055,HUD2004055,55,2004,10,24,44.1165,-58.19883,LL7,11,0.625,0.062,0.27,0.754,LL_07,Fall
2004055055_281649,18HU04055_2004055055,HUD2004055,55,2004,10,24,44.1165,-58.19883,LL7,3,0.625,0.065,0.278,0.894,LL_07,Fall
2005055055_294646,18HU05055_2005055055,HUD2005055,55,2005,10,21,44.13133,-58.1785,LL7,21,0.307,0.367,0.273,0.923,LL_07,Fall
2005055055_294647,18HU05055_2005055055,HUD2005055,55,2005,10,21,44.13133,-58.1785,LL7,12,0.313,0.316,0.275,0.929,LL_07,Fall
2005055055_294644,18HU05055_2005055055,HUD2005055,55,2005,10,21,44.13133,-58.1785,LL7,39,0.573,1.8,0.577,1.76,LL_07,Fall
2005055055_294643,18HU05055_2005055055,HUD2005055,55,2005,10,21,44.13133,-58.1785,LL7,50,0.154,5.866,0.923,4.798,LL_07,Fall
2005055055_294645,18HU05055_2005055055,HUD2005055,55,2005,10,21,44.13133,-58.1785,LL7,31,0.887,0.773,0.421,1.043,LL_07,Fall
2005055055_294642,18HU05055_2005055055,HUD2005055,55,2005,10,21,44.13133,-58.1785,LL7,61,0.046,9.084,1.12,8.391,LL_07,Fall
2005055055_294648,18HU05055_2005055055,HUD2005055,55,2005,10,21,44.13133,-58.1785,LL7,4,0.343,0.322,0.273,0.934,LL_07,Fall
2005055055_294640,18HU05055_2005055055,HUD2005055,55,2005,10,21,44.13133,-58.1785,LL7,100,0.015,11.616,1.205,10.334,LL_07,Fall
2005055055_294639,18HU05055_2005055055,HUD2005055,55,2005,10,21,44.13133,-58.1785,LL7,251,0,20.865,1.507,14.656,LL_07,Fall
2005055055_294638,18HU05055_2005055055,HUD2005055,55,2005,10,21,44.13133,-58.1785,LL7,500,0,18.589,1.322,11.617,LL_07,Fall
2005055055_294637,18HU05055_2005055055,HUD2005055,55,2005,10,21,44.13133,-58.1785,LL7,778,0,18.009,1.287,11.423,LL_07,Fall
2005055055_294641,18HU05055_2005055055,HUD2005055,55,2005,10,21,44.13133,-58.1785,LL7,81,0.029,10.147,1.182,9.27,LL_07,Fall
2006052098_305248,18HU06052_2006052098,HUD2006052,98,2006,10,15,44.11666,-58.18333,LL7,3,1.034,0,0,0,LL_07,Fall
2006052098_305247,18HU06052_2006052098,HUD2006052,98,2006,10,15,44.11666,-58.18333,LL7,10,1.047,0.536,0.338,1.69,LL_07,Fall
2006052098_305246,18HU06052_2006052098,HUD2006052,98,2006,10,15,44.11666,-58.18333,LL7,20,0.967,0.662,0.299,1.587,LL_07,Fall
2006052098_305245,18HU06052_2006052098,HUD2006052,98,2006,10,15,44.11666,-58.18333,LL7,30,0.011,0.382,0.238,1.411,LL_07,Fall
2006052098_305244,18HU06052_2006052098,HUD2006052,98,2006,10,15,44.11666,-58.18333,LL7,39,0.046,2.446,0.524,2.688,LL_07,Fall
2006052098_305243,18HU06052_2006052098,HUD2006052,98,2006,10,15,44.11666,-58.18333,LL7,51,0.015,5.143,0.771,4.007,LL_07,Fall
2006052098_305242,18HU06052_2006052098,HUD2006052,98,2006,10,15,44.11666,-58.18333,LL7,61,0.01,6.107,0.751,4.249,LL_07,Fall
2006052098_305241,18HU06052_2006052098,HUD2006052,98,2006,10,15,44.11666,-58.18333,LL7,80,0.006,10.134,0.943,7.643,LL_07,Fall
2006052098_305240,18HU06052_2006052098,HUD2006052,98,2006,10,15,44.11666,-58.18333,LL7,101,0.003,12.537,0.905,6.644,LL_07,Fall
2006052098_305239,18HU06052_2006052098,HUD2006052,98,2006,10,15,44.11666,-58.18333,LL7,249,0,18.103,1.27,11.482,LL_07,Fall
2006052098_305237,18HU06052_2006052098,HUD2006052,98,2006,10,15,44.11666,-58.18333,LL7,609,0,0.606,0.282,1.494,LL_07,Fall
2006052098_305238,18HU06052_2006052098,HUD2006052,98,2006,10,15,44.11666,-58.18333,LL7,499,0,19.043,1.321,15.498,LL_07,Fall
2007045141_322352,18HU07045_2007045141,HUD2007045,141,2007,10,15,44.11666,-58.16666,LL7,50,0.086,7.235,0.807,7.515,LL_07,Fall
2007045141_322353,18HU07045_2007045141,HUD2007045,141,2007,10,15,44.11666,-58.16666,LL7,40,0.086,7.702,0.884,7.953,LL_07,Fall
2007045141_322357,18HU07045_2007045141,HUD2007045,141,2007,10,15,44.11666,-58.16666,LL7,5,0.284,0.029,0.164,1.368,LL_07,Fall
2007045141_322356,18HU07045_2007045141,HUD2007045,141,2007,10,15,44.11666,-58.16666,LL7,11,0.9,2.231,0.45,3.417,LL_07,Fall
2007045141_322355,18HU07045_2007045141,HUD2007045,141,2007,10,15,44.11666,-58.16666,LL7,21,0.281,0.049,0.145,1.437,LL_07,Fall
2007045141_322351,18HU07045_2007045141,HUD2007045,141,2007,10,15,44.11666,-58.16666,LL7,60,0.057,8.302,0.888,8.325,LL_07,Fall
2007045141_322350,18HU07045_2007045141,HUD2007045,141,2007,10,15,44.11666,-58.16666,LL7,80,0.038,8.593,0.901,8.181,LL_07,Fall
2007045141_322347,18HU07045_2007045141,HUD2007045,141,2007,10,15,44.11666,-58.16666,LL7,500,0,17.267,1.108,12.52,LL_07,Fall
2007045141_322348,18HU07045_2007045141,HUD2007045,141,2007,10,15,44.11666,-58.16666,LL7,251,0,19.282,1.223,12.342,LL_07,Fall
2007045141_322349,18HU07045_2007045141,HUD2007045,141,2007,10,15,44.11666,-58.16666,LL7,100,0.042,8.494,0.902,8.472,LL_07,Fall
2007045141_322346,18HU07045_2007045141,HUD2007045,141,2007,10,15,44.11666,-58.16666,LL7,693,0,16.487,1.05,12.009,LL_07,Fall
2007045141_322354,18HU07045_2007045141,HUD2007045,141,2007,10,15,44.11666,-58.16666,LL7,30,0.18,6.603,0.799,6.893,LL_07,Fall
2008037214_337688,18HU08037_2008037214,HUD2008037,214,2008,10,19,44.128,-58.183,LL7,60,0.126,7.132,0.917,6.125,LL_07,Fall
2008037214_337683,18HU08037_2008037214,HUD2008037,214,2008,10,19,44.128,-58.183,LL7,653,0,17.496,1.275,11.447,LL_07,Fall
2008037214_337684,18HU08037_2008037214,HUD2008037,214,2008,10,19,44.128,-58.183,LL7,501,0,17.491,1.246,11.928,LL_07,Fall
2008037214_337686,18HU08037_2008037214,HUD2008037,214,2008,10,19,44.128,-58.183,LL7,101,0.038,9.494,1.038,9.443,LL_07,Fall
2008037214_337685,18HU08037_2008037214,HUD2008037,214,2008,10,19,44.128,-58.183,LL7,250,0,19.279,1.353,12.546,LL_07,Fall
2008037214_337695,18HU08037_2008037214,HUD2008037,214,2008,10,19,44.128,-58.183,LL7,3,0.415,0,0,0,LL_07,Fall
2008037214_337694,18HU08037_2008037214,HUD2008037,214,2008,10,19,44.128,-58.183,LL7,3,0,0.494,0.252,0.481,LL_07,Fall
2008037214_337693,18HU08037_2008037214,HUD2008037,214,2008,10,19,44.128,-58.183,LL7,10,0.409,0.497,0.229,0.49,LL_07,Fall
2008037214_337692,18HU08037_2008037214,HUD2008037,214,2008,10,19,44.128,-58.183,LL7,20,0.526,0.501,0.223,0.372,LL_07,Fall
2008037214_337691,18HU08037_2008037214,HUD2008037,214,2008,10,19,44.128,-58.183,LL7,30,1.052,0.566,0.313,0.706,LL_07,Fall
2008037214_337690,18HU08037_2008037214,HUD2008037,214,2008,10,19,44.128,-58.183,LL7,40,0.595,2.564,0.683,3.065,LL_07,Fall
2008037214_337689,18HU08037_2008037214,HUD2008037,214,2008,10,19,44.128,-58.183,LL7,51,0.388,5.452,0.861,5.088,LL_07,Fall
2008037214_337687,18HU08037_2008037214,HUD2008037,214,2008,10,19,44.128,-58.183,LL7,80,0.05,8.354,0.977,7.442,LL_07,Fall
2009048184_360534,18HU09048_2009048184,HUD2009048,184,2009,10,13,44.1295,-58.1803,LL7,30,0.922,0.849,0.384,2.102,LL_07,Fall
2009048184_360538,18HU09048_2009048184,HUD2009048,184,2009,10,13,44.1295,-58.1803,LL7,21,1.205,0.691,0.366,4.271,LL_07,Fall
2009048184_360539,18HU09048_2009048184,HUD2009048,184,2009,10,13,44.1295,-58.1803,LL7,10,1.262,0.795,0.393,4.215,LL_07,Fall
2009048184_360541,18HU09048_2009048184,HUD2009048,184,2009,10,13,44.1295,-58.1803,LL7,3,1.108,0.788,0.38,2.115,LL_07,Fall
2009048184_360526,18HU09048_2009048184,HUD2009048,184,2009,10,13,44.1295,-58.1803,LL7,251,0,18.452,1.351,11.383,LL_07,Fall
2009048184_360525,18HU09048_2009048184,HUD2009048,184,2009,10,13,44.1295,-58.1803,LL7,501,0,19.811,1.384,15.04,LL_07,Fall
2009048184_360522,18HU09048_2009048184,HUD2009048,184,2009,10,13,44.1295,-58.1803,LL7,744,0,16.438,1.169,10.785,LL_07,Fall
2009048184_360533,18HU09048_2009048184,HUD2009048,184,2009,10,13,44.1295,-58.1803,LL7,41,0.34,3.471,0.633,3.673,LL_07,Fall
2009048184_360529,18HU09048_2009048184,HUD2009048,184,2009,10,13,44.1295,-58.1803,LL7,99,0.018,9.62,0.792,5.137,LL_07,Fall
2009048184_360530,18HU09048_2009048184,HUD2009048,184,2009,10,13,44.1295,-58.1803,LL7,80,0.03,8.897,0.805,7.584,LL_07,Fall
2009048184_360531,18HU09048_2009048184,HUD2009048,184,2009,10,13,44.1295,-58.1803,LL7,61,0.142,4.287,0.662,3.706,LL_07,Fall
2009048184_360532,18HU09048_2009048184,HUD2009048,184,2009,10,13,44.1295,-58.1803,LL7,51,0.207,3.843,0.69,3.792,LL_07,Fall
2011043158_382893,18HU11043_2011043158,HUD2011043,158,2011,10,9,44.1252,-58.1797,LL7,500,0,18.87,1.35,12.755,LL_07,Fall
2011043158_382902,18HU11043_2011043158,HUD2011043,158,2011,10,9,44.1252,-58.1797,LL7,10,1.474,0.487,0.316,1.497,LL_07,Fall
2011043158_382903,18HU11043_2011043158,HUD2011043,158,2011,10,9,44.1252,-58.1797,LL7,3,1.202,0.481,0.299,1.401,LL_07,Fall
2011043158_382900,18HU11043_2011043158,HUD2011043,158,2011,10,9,44.1252,-58.1797,LL7,30,0.773,0.746,0.348,1.409,LL_07,Fall
2011043158_382901,18HU11043_2011043158,HUD2011043,158,2011,10,9,44.1252,-58.1797,LL7,20,1.645,0.493,0.289,1.144,LL_07,Fall
2011043158_382899,18HU11043_2011043158,HUD2011043,158,2011,10,9,44.1252,-58.1797,LL7,41,0.536,1.512,0.417,1.66,LL_07,Fall
2011043158_382898,18HU11043_2011043158,HUD2011043,158,2011,10,9,44.1252,-58.1797,LL7,51,0.367,3.48,0.694,3.26,LL_07,Fall
2011043158_382897,18HU11043_2011043158,HUD2011043,158,2011,10,9,44.1252,-58.1797,LL7,61,0.136,5.59,0.888,4.823,LL_07,Fall
2011043158_382896,18HU11043_2011043158,HUD2011043,158,2011,10,9,44.1252,-58.1797,LL7,81,0.044,8.601,1.078,8.146,LL_07,Fall
2011043158_382894,18HU11043_2011043158,HUD2011043,158,2011,10,9,44.1252,-58.1797,LL7,251,0,19.887,1.43,12.166,LL_07,Fall
2011043158_382892,18HU11043_2011043158,HUD2011043,158,2011,10,9,44.1252,-58.1797,LL7,771,0,17.233,1.261,10.543,LL_07,Fall
2011043158_382895,18HU11043_2011043158,HUD2011043,158,2011,10,9,44.1252,-58.1797,LL7,100,0.041,8.482,1.03,8.002,LL_07,Fall
185_386248,18HU12042_185,HUD2012042,185,2012,10,12,44.1302,-58.1823,LL_07,501,0,16.22,1.298,11.11,LL_07,Fall
185_386254,18HU12042_185,HUD2012042,185,2012,10,12,44.1302,-58.1823,LL_07,38,0.74496,0.69,0.128,0.79,LL_07,Fall
185_386247,18HU12042_185,HUD2012042,185,2012,10,12,44.1302,-58.1823,LL_07,611,0,17.95,1.295,11.5,LL_07,Fall
185_386250,18HU12042_185,HUD2012042,185,2012,10,12,44.1302,-58.1823,LL_07,101,0.02275,9.59,0.87,6.29,LL_07,Fall
185_386251,18HU12042_185,HUD2012042,185,2012,10,12,44.1302,-58.1823,LL_07,82,0.04901,4.94,0.68,4.79,LL_07,Fall
185_386253,18HU12042_185,HUD2012042,185,2012,10,12,44.1302,-58.1823,LL_07,51,0.31031,2.83,0.593,3.88,LL_07,Fall
185_386255,18HU12042_185,HUD2012042,185,2012,10,12,44.1302,-58.1823,LL_07,31,0.61087,0.71,0.139,0.77,LL_07,Fall
185_386256,18HU12042_185,HUD2012042,185,2012,10,12,44.1302,-58.1823,LL_07,21,0.68537,0.76,0.154,0.67,LL_07,Fall
185_386249,18HU12042_185,HUD2012042,185,2012,10,12,44.1302,-58.1823,LL_07,250,0,22.94,1.604,13.38,LL_07,Fall
185_386258,18HU12042_185,HUD2012042,185,2012,10,12,44.1302,-58.1823,LL_07,4,0.80456,0.78,0.188,0.88,LL_07,Fall
185_386257,18HU12042_185,HUD2012042,185,2012,10,12,44.1302,-58.1823,LL_07,10,0.78966,0.77,0.216,0.99,LL_07,Fall
185_386252,18HU12042_185,HUD2012042,185,2012,10,12,44.1302,-58.1823,LL_07,59,0.18202,5.87,0.839,6.37,LL_07,Fall
085_398995,18HU13037_085,HUD2013037,85,2013,9,27,44.1293,-58.1707,LL_07,834,0,17.895,1.209,11.34,LL_07,Fall
085_399006,18HU13037_085,HUD2013037,85,2013,9,27,44.1293,-58.1707,LL_07,3,0.2152,0.89,0.156,0.42,LL_07,Fall
085_398999,18HU13037_085,HUD2013037,85,2013,9,27,44.1293,-58.1707,LL_07,79,0.1276,7.125,0.7665,5.405,LL_07,Fall
085_398996,18HU13037_085,HUD2013037,85,2013,9,27,44.1293,-58.1707,LL_07,500,0,19.89,1.313,12.375,LL_07,Fall
085_398997,18HU13037_085,HUD2013037,85,2013,9,27,44.1293,-58.1707,LL_07,246,0,20.065,1.321,11.1,LL_07,Fall
085_398998,18HU13037_085,HUD2013037,85,2013,9,27,44.1293,-58.1707,LL_07,100,0.0691,7.63,0.773,5.235,LL_07,Fall
085_399000,18HU13037_085,HUD2013037,85,2013,9,27,44.1293,-58.1707,LL_07,60,0.1861,4.83,0.761,3.88,LL_07,Fall
085_399001,18HU13037_085,HUD2013037,85,2013,9,27,44.1293,-58.1707,LL_07,48,0.2289,4.89,0.7355,3.835,LL_07,Fall
085_399002,18HU13037_085,HUD2013037,85,2013,9,27,44.1293,-58.1707,LL_07,41,0.9205,3.415,0.6395,2.78,LL_07,Fall
085_399003,18HU13037_085,HUD2013037,85,2013,9,27,44.1293,-58.1707,LL_07,30,1.2072,1.595,0.453,1.325,LL_07,Fall
085_399005,18HU13037_085,HUD2013037,85,2013,9,27,44.1293,-58.1707,LL_07,10,0.3348,1.01,0.214,0.465,LL_07,Fall
085_399004,18HU13037_085,HUD2013037,85,2013,9,27,44.1293,-58.1707,LL_07,21,0.7243,1.315,0.3795,1.13,LL_07,Fall
133_405600,18HU14030_133,HUD2014030,133,2014,10,2,44.1307,-58.1818,LL_07,20,0.38503,0,0.121,0.35,LL_07,Fall
133_405595,18HU14030_133,HUD2014030,133,2014,10,2,44.1307,-58.1818,LL_07,61,0.45182,1.9,0.472,2.64,LL_07,Fall
133_405604,18HU14030_133,HUD2014030,133,2014,10,2,44.1307,-58.1818,LL_07,3,0.37324,0.51,0.114,0.35,LL_07,Fall
133_405601,18HU14030_133,HUD2014030,133,2014,10,2,44.1307,-58.1818,LL_07,10,0.31824,0,0.111,0.33,LL_07,Fall
133_405597,18HU14030_133,HUD2014030,133,2014,10,2,44.1307,-58.1818,LL_07,41,0.51861,0,0.249,1.5,LL_07,Fall
133_405596,18HU14030_133,HUD2014030,133,2014,10,2,44.1307,-58.1818,LL_07,50,0.81676,0,0.37,2.09,LL_07,Fall
133_405594,18HU14030_133,HUD2014030,133,2014,10,2,44.1307,-58.1818,LL_07,81,0.1512,5.14,0.613,3.69,LL_07,Fall
133_405592,18HU14030_133,HUD2014030,133,2014,10,2,44.1307,-58.1818,LL_07,100,0.0439,5.9,0.636,3.3,LL_07,Fall
133_405591,18HU14030_133,HUD2014030,133,2014,10,2,44.1307,-58.1818,LL_07,150,0,13.84,0.929,6.26,LL_07,Fall
133_405590,18HU14030_133,HUD2014030,133,2014,10,2,44.1307,-58.1818,LL_07,250,0,22.92,1.464,12.63,LL_07,Fall
133_405588,18HU14030_133,HUD2014030,133,2014,10,2,44.1307,-58.1818,LL_07,503,0,19.88,1.31,12.36,LL_07,Fall
133_405587,18HU14030_133,HUD2014030,133,2014,10,2,44.1307,-58.1818,LL_07,599,0,18.68,1.268,11.93,LL_07,Fall
133_405598,18HU14030_133,HUD2014030,133,2014,10,2,44.1307,-58.1818,LL_07,30,0.33788,0,0.064,0.48,LL_07,Fall
088_438536,18HU16027_088,HUD2016027,88,2016,9,22,44.13682,-58.17296,LL_07,30,0.9712,0.77,0.52,2.71667,LL_07,Fall
088_438529,18HU16027_088,HUD2016027,88,2016,9,22,44.13538,-58.17208,LL_07,100,0.03502,6.87333,0.931,6.78667,LL_07,Fall
088_438534,18HU16027_088,HUD2016027,88,2016,9,22,44.13636,-58.17282,LL_07,50,0.10349,5.70333,0.787,5.51333,LL_07,Fall
088_438540,18HU16027_088,HUD2016027,88,2016,9,22,44.1365,-58.17288,LL_07,10,0.29624,0,0.15533,1.31667,LL_07,Fall
088_438537,18HU16027_088,HUD2016027,88,2016,9,22,44.1368,-58.17298,LL_07,20,1.01405,0,0.23167,1.47333,LL_07,Fall
088_438535,18HU16027_088,HUD2016027,88,2016,9,22,44.1366,-58.1729,LL_07,41,0.26932,4.4,0.76733,5.03667,LL_07,Fall
088_438530,18HU16027_088,HUD2016027,88,2016,9,22,44.13568,-58.1722,LL_07,80,0.05094,5.33667,0.869,5.58667,LL_07,Fall
088_438541,18HU16027_088,HUD2016027,88,2016,9,22,44.13618,-58.17262,LL_07,3,0.2847,0,0.162,1.33667,LL_07,Fall
088_438526,18HU16027_088,HUD2016027,88,2016,9,22,44.13462,-58.1721,LL_07,250,0,19.84333,1.368,12.22333,LL_07,Fall
088_438525,18HU16027_088,HUD2016027,88,2016,9,22,44.13386,-58.1719,LL_07,501,0,18.10333,1.28333,11.29,LL_07,Fall
088_438524,18HU16027_088,HUD2016027,88,2016,9,22,44.13358,-58.17185,LL_07,793,0,16.05,1.14067,10.45,LL_07,Fall
088_438533,18HU16027_088,HUD2016027,88,2016,9,22,44.13613,-58.1726,LL_07,60,0.12896,4.60333,0.80733,5.00333,LL_07,Fall
165_449512,18HU18030_165,HUD2018030,165,2018,9,28,44.13318,-58.175,LL_07,102,0.03017,7.33,0.875,5.94,LL_07,Fall
165_449523,18HU18030_165,HUD2018030,165,2018,9,28,44.13326,-58.17492,LL_07,10,0.43052,0.065,0.1375,0,LL_07,Fall
165_449507,18HU18030_165,HUD2018030,165,2018,9,28,44.13332,-58.17486,LL_07,500,0,20.935,1.2795,13.765,LL_07,Fall
165_449508,18HU18030_165,HUD2018030,165,2018,9,28,44.1333,-58.17514,LL_07,251,0,21.295,1.34,15.21,LL_07,Fall
165_449511,18HU18030_165,HUD2018030,165,2018,9,28,44.13331,-58.17504,LL_07,151,0,10.445,0.7275,5.455,LL_07,Fall
165_449513,18HU18030_165,HUD2018030,165,2018,9,28,44.13315,-58.17504,LL_07,82,0.05846,7.475,0.856,5.63,LL_07,Fall
165_449516,18HU18030_165,HUD2018030,165,2018,9,28,44.13322,-58.17506,LL_07,60,0.08864,5.225,0.693,2.735,LL_07,Fall
165_449517,18HU18030_165,HUD2018030,165,2018,9,28,44.13328,-58.17508,LL_07,52,0.16219,4.97,0.6955,2.575,LL_07,Fall
165_449518,18HU18030_165,HUD2018030,165,2018,9,28,44.13333,-58.17506,LL_07,41,0.33186,3.61,0.615,1.985,LL_07,Fall
165_449506,18HU18030_165,HUD2018030,165,2018,9,28,44.13322,-58.1751,LL_07,757,0,18.765,1.137,11.52,LL_07,Fall
165_449520,18HU18030_165,HUD2018030,165,2018,9,28,44.13332,-58.17494,LL_07,21,0.96996,0.095,0.3,0.64,LL_07,Fall
165_449524,18HU18030_165,HUD2018030,165,2018,9,28,44.13332,-58.17488,LL_07,3,0.34083,0.07,0.127,0,LL_07,Fall
165_449519,18HU18030_165,HUD2018030,165,2018,9,28,44.1333,-58.17502,LL_07,31,0.64131,2.085,0.53,1.39,LL_07,Fall
